name,gender,male
Aaarti,F,
Aabha,F,
Aabharana,F,
Aabheer,M,
Aadarsh,M,
Aadarshini,F,
Aadesh,M,
Aadhira,M,
Aadhira,M,
Aadhya,F,
Aadi,M,
Aadidev,M,
Aadinath,M,
Aadit,M,
Aadita,F,
Aaditeya,M,
Aaditya,M,
Aadrika,F,
Aadya,M,
Aagam,M,
Aagney,M,
Aagneya,M,
Aahlaad,M,
Aahlaadita,F,
Aahna,F,
Aahva,M,
Aakaash,M,
Aakanksha,F,
Aakar,M,
Aakarshan,M,
Aakriti,F,
Aalap,M,
Aalok,M,
Aaloka,F,
Aamaal,F,
Aamani,F,
Aamod,M,
Aamrapali,F,
Aanand,M,
Aanandamayee,F,
Aanandi,F,
Aanandita,F,
Aanandswarup,M,
Aanchal,F,
Aandaleeb,M,
Aaniya,F,
Aanjaneya,M,
Aapt,M,
Aapti,F,
Aaradhak,M,
Aaradhya,F,
Aaral,F,
Aaratrika,F,
Aarav,M,
Aarika,F,
Aarini,F,
Aarna,F,
Aarnav,M,
Aarohi,F,
Aarth,M,
Aarti,F,
Aarti,F,
Aarush,M,
Aarushi,F,
Aaryan,M,
Aasha,F,
Aashalata,F,
Aashi,F,
Aashi,F,
Aashirya,F,
Aashish,M,
Aashiyana,F,
Aashman,M,
Aashna,F,
Aashni,F,
Aashritha,F,
Aashutosh,M,
Aasia,F,
Aastha,F,
Aastik,M,
Aathmika,F,
Aatish,M,
Aatmaj,M,
Aatmaja,F,
Aatreya,M,
Aayu,M,
Aayush,M,
Aayushi,F,
Aayushmaan,M,
Abeer,M,
Abeer,M,
Abha,F,
Abha,F,
Abhay,M,
Abhaya,F,
Abheek,M,
Abheesht,M,
Abhi,M,
Abhijaat,M,
Abhijaata,F,
Abhijay,M,
Abhijit,M,
Abhijit,M,
Abhijita,F,
Abhik,M,
Abhilash,M,
Abhilasha,F,
Abhilasha,F,
Abhimani,F,
Abhimanyu,M,
Abhinandan,M,
Abhinav,M,
Abhinivesh,M,
Abhipsa,F,
Abhira,F,
Abhiraj,M,
Abhiram,M,
Abhirami,F,
Abhirath,M,
Abhiri,F,
Abhiruchi,F,
Abhirup,M,
Abhirupa,F,
Abhisar,M,
Abhisarika,F,
Abhishek,M,
Abhitha,F,
Abhivaadan,M,
Abhivanth,M,
Abhra,M,
Abhyudaya,M,
Abirami,F,
Abishta,F,
Ablaa,F,
Aboli,F,
Achal,M,
Achala,F,
Achalendra,M,
Achalraj,M,
Acharya,M,
Achintya,M,
Achira,F,
Achla,F,
Achyut,M,
Achyuthan,M,
Adarsh,M,
Adeela,M,
Adeep,M,
Adheer,M,
Adheesh,M,
Adhik,M,
Adhip,M,
Adhira,F,
Adhiraj,M,
Adhishree,F,
Adil,M,
Adinath,M,
Adipurush,M,
Adishakti,F,
Adit,M,
Aditi,F,
Aditi,F,
Aditri,F,
Aditya,M,
Aditya,M,
Adrika,F,
Advait,M,
Advay,M,
Advaya,M,
Advik,M,
Advik,M,
Advika,F,
Adwaita,M,
Adwita,F,
Adwiteya,F,
Adwitiya,F,
Adya,F,
Agamya,F,
Agastya,M,
Agendra,M,
Aghanashini,F,
Agharna,M,
Aghat,M,
Aghosh,M,
Agnimitra,M,
Agniprava,M,
Agnishikha,F,
Agnivesh,M,
Agraj,M,
Agrata,F,
Agrata,M,
Agrim,M,
Agrima,F,
Agriya,F,
Agyeya,M,
Ahalya,F,
Ahan,M,
Ahimsa,F,
Ahladita,F,
Ainesh,M,
Airaawat,M,
Aisha,F,
Aishani,F,
Aishani,F,
Aishi,F,
Aishwarya,F,
Aishwarya,F,
Aja,F,
Aja,M,
Ajaa,F,
Ajaat,M,
Ajaatshatru,M,
Ajala,F,
Ajanta,M,
Ajanta,F,
Ajay,M,
Ajaya,F,
Ajisth,M,
Ajit,M,
Ajita,F,
Ajitaabh,M,
Ajitesh,M,
Ajoy,M,
Akand,M,
Akane,F,
Akanksha,F,
Akarsh,M,
Akash,M,
Akash,M,
Akashleena,F,
Akhil,M,
Akhil,M,
Akhila,F,
Akhilesh,M,
Akhilesh,M,
Akira,F,
Akriti,F,
Akriti,F,
Akshadha,F,
Akshainie,F,
Akshaj,M,
Akshan,M,
Akshansh,M,
Akshar,M,
Akshara,F,
Akshat,M,
Akshata,F,
Akshay,M,
Akshay,M,
Akshayaa,F,
Akshayaguna,M,
Akshaykeerti,M,
Akshi,F,
Akshit,M,
Akshita,F,
Akshita,F,
Akshobhya,M,
Akul,M,
Akula,F,
Akuti,F,
Alaina,F,
Alak,F,
Alak,M,
Alaka,F,
Alakananda,F,
Alaknanda,F,
Alankar,M,
Alankrita,F,
Alda,F,
Alekhya,F,
Alisha,F,
Alisha,F,
Alka,F,
Alka,F,
Almas,F,
Alok,M,
Aloki,F,
Aloki,M,
Alop,M,
Alopa,F,
Alpa,F,
Alpana,F,
Alpesh,M,
Alpita,F,
Amaan,M,
Amal,F,
Amal,M,
Amala,F,
Amaldeepti,F,
Amalendu,M,
Amalesh,M,
Aman,M,
Amani,M,
Amar,M,
Amar,M,
Amara,F,
Amardeep,M,
Amaresh,M,
Amaris,F,
Amaris,M,
Amarjeet,M,
Amarnath,M,
Amartya,M,
Amba,F,
Ambaalika,F,
Ambar,F,
Ambar,M,
Ambareesh,M,
Ambika,F,
Ambika,F,
Ambikapathi,M,
Ambu,F,
Ambud,M,
Ambuda,F,
Ambuj,M,
Ambuja,F,
Ambuja,F,
Ameet,M,
Ameya,M,
Ameyatma,M,
Ami,F,
Ami,M,
Amidi,F,
Amil,M,
Amish,M,
Amish,M,
Amisha,F,
Amishi,F,
Amishta,F,
Amit,M,
Amita,F,
Amita,F,
Amitabh,M,
Amitava,M,
Amitbikram,M,
Amitesh,M,
Amithi,F,
Amiti,F,
Amitjyoti,F,
Amitrasudan,F,
Amiya,F,
Amla,F,
Amlan,M,
Amlankusum,F,
Amlika,F,
Ammu,F,
Amod,M,
Amoda,F,
Amodini,F,
Amogh,M,
Amol,M,
Amolik,M,
Amolika,F,
Amoolya,F,
Amoorta,M,
Amrapali,F,
Amresh,M,
Amrik,M,
Amrish,M,
Amrit,M,
Amrita,F,
Amrita,F,
Amritambu,F,
Amritambu,M,
Amritaya,F,
Amritaya,M,
Amritkala,F,
Amshu,M,
Amshul,M,
Amul,M,
Amulya,F,
Ana,F,
Anaadi,M,
Anaamika,F,
Anaan,M,
Anadi,M,
Anagh,M,
Anagha,F,
Anagi,F,
Anahita,F,
Analaa,F,
Anamika,F,
Anamika,F,
Anamitra,F,
Anand,M,
Ananda,F,
Anandani,F,
Anandi,F,
Anandi,M,
Anandi,F,
Anandita,F,
Anandmayee,F,
Anang,M,
Anangee,F,
Anant,M,
Anantaa,F,
Anantajeet,M,
Ananti,F,
Anantram,M,
Ananya,F,
Ananya,F,
Ananyo,M,
Anarghya,F,
Anasuya,F,
Anay,M,
Anbar,F,
Anchal,F,
Anchal,F,
Anchala,F,
Anchita,F,
Andal,F,
Anek,M,
Anemone,F,
Angad,M,
Angada,M,
Angaj,M,
Angaja,F,
Angak,M,
Angana,F,
Angana,F,
Anganaa,F,
Angarika,F,
Angha,F,
Angira,F,
Angoori,F,
Ania,F,
Aniha,F,
Aniij,M,
Anik,M,
Anika,F,
Anika,F,
Anikait,M,
Aniket,M,
Anil,M,
Anil,M,
Anilaabh,M,
Anilaja,F,
Anima,F,
Animesh,M,
Animesh,M,
Anindita,F,
Aniruddha,M,
Anirudh,M,
Anirvan,M,
Anisa,F,
Anish,M,
Anisha,F,
Anisha,F,
Anishaa,F,
Anishka,F,
Anishka,F,
Anit,M,
Anita,F,
Anita,F,
Aniya,F,
Anjal,M,
Anjalee,F,
Anjali,F,
Anjali,F,
Anjan,M,
Anjana,F,
Anjana,F,
Anjani,F,
Anjas,M,
Anji,M,
Anjika,F,
Anjini,F,
Anjor,M,
Anju,F,
Anju,F,
Anjuman,M,
Anjushree,F,
Anjushri,F,
Ankaiyarkanni,F,
Ankal,F,
Ankal,M,
Ankit,M,
Ankit,M,
Ankita,F,
Ankita,F,
Ankolika,F,
Ankur,M,
Ankur,M,
Ankush,M,
Anmol,F,
Anmol,M,
Anmol,M,
Anna,F,
Annada,F,
Annapoorna,F,
Annika,F,
Annisa,F,
Annjaya,F,
Annuabhuj,M,
Anokhi,F,
Anoop,M,
Anram,M,
Ansh,M,
Ansha,F,
Anshi,F,
Anshika,F,
Anshika,F,
Anshita,F,
Anshu,M,
Anshu,F,
Anshuk,M,
Anshul,M,
Anshula,F,
Anshumaala,F,
Anshumaan,M,
Anshumali,F,
Anshumat,M,
Ansuya,F,
Antara,F,
Antara,M,
Antariksh,M,
Antariksha,F,
Antim,M,
Anu,F,
Anubha,F,
Anubhav,M,
Anubhav,M,
Anubhuti,F,
Anudeepthi,F,
Anugraha,F,
Anugya,F,
Anuj,M,
Anuj,M,
Anuja,F,
Anuja,F,
Anukampa,F,
Anukeertana,F,
Anukriti,F,
Anula,F,
Anulata,F,
Anulekha,F,
Anuloma,F,
Anumati,F,
Anumegha,F,
Anumeha,F,
Anumita,F,
Anunay,M,
Anupa,F,
Anupam,M,
Anupama,F,
Anupriya,F,
Anupriya,F,
Anuraag,M,
Anuradha,F,
Anuradha,F,
Anuragini,F,
Anurati,F,
Anuroop,M,
Anurup,M,
Anusha,F,
Anusha,F,
Anushka,F,
Anushka,F,
Anushri,F,
Anushri,F,
Anuttam,M,
Anuttara,F,
Anuva,M,
Anvi,F,
Anvi,F,
Anvita,F,
Anwita,F,
Anya,F,
Aolani,F,
Apala,F,
Aparaa,F,
Aparaajita,F,
Aparna,F,
Aparna,F,
Aparoop,F,
Apeksha,F,
Apinaya,F,
Apoorva,M,
Apoorva,F,
Appu,M,
Aprameya,M,
Apsara,F,
Apsara,F,
Apurba,F,
Apurva,F,
Apurva,F,
Araceli,F,
Aradhana,F,
Aradhana,F,
Aradhya,F,
Aradhya,M,
Aranab,M,
Arav,M,
Archa,F,
Archa,F,
Archan,M,
Archan,F,
Archana,F,
Archana,F,
Archini,F,
Archisha,F,
Archit,M,
Archita,F,
Ardhendu,M,
Ardra,F,
Areehah,M,
Arghya,F,
Arha,M,
Arhat,M,
Arianna,F,
Arihaan,M,
Arihant,M,
Arij,F,
Arij,M,
Arindam,M,
Arja,F,
Arja,M,
Arjit,M,
Arjun,M,
Arjun,M,
Arjuni,F,
Arka,M,
Arkita,F,
Arman,M,
Armita,F,
Arnab,M,
Arnav,M,
Arnesh,M,
Arni,F,
Arogyada,F,
Arpan,M,
Arpana,F,
Arpana,F,
Arpita,F,
Arpita,F,
Arshad,M,
Arshi,F,
Arshia,F,
Arshia,F,
Arshiya,F,
Artagnan,M,
Artana,F,
Arti,F,
Arti,F,
Aru,F,
Arul,M,
Arun,M,
Aruna,F,
Aruna,F,
Arunachaleshwara,M,
Arundhati,F,
Aruni,F,
Arunima,F,
Arunima,F,
Arush,M,
Arushi,F,
Arushi,F,
Arvind,M,
Arvind,M,
Arwa,F,
Arya,F,
Arya,M,
Aryahi,F,
Aryahi,F,
Aryama,F,
Aryaman,M,
Aryan,M,
Aryana,F,
Asaavari,F,
Asah,F,
Asav,M,
Aseelah,M,
Aseem,M,
Aseema,F,
Aseema,F,
Asha,F,
Asha,F,
Ashaant,M,
Ashakiran,F,
Ashalata,F,
Ashani,F,
Ashank,M,
Ashavari,F,
Ashcharya,M,
Asheem,M,
Ashesh,M,
Ashika,F,
Ashima,F,
Ashima,F,
Ashiqa,F,
Ashira,F,
Ashirvad,M,
Ashish,M,
Ashit,M,
Ashita,F,
Ashita,F,
Ashlesh,M,
Ashlesha,F,
Ashley,Ash,
Ashmi,F,
Ashmit,M,
Ashmita,F,
Ashmita,F,
Ashna,F,
Ashna,F,
Ashnaa,F,
Ashnaa,F,
Ashni,F,
Ashok,M,
Ashray,M,
Ashrita,F,
Ashrith,M,
Ashu,F,
Ashutosh,M,
Ashutosh,M,
Ashvath,M,
Ashwabha,F,
Ashwaghosh,M,
Ashwathama,M,
Ashwin,M,
Ashwina,F,
Ashwini,F,
Ashwini,F,
Asit,M,
Asita,F,
Asitvaran,M,
Asiya,M,
Askini,F,
Asmee,F,
Asmita,F,
Asmita,F,
Astha,F,
Astha,F,
Asuman,M,
Aswathi,F,
Asya,F,
Atal,M,
Atambhu,M,
Atanu,M,
Atasi,F,
Ateet,M,
Atharvan,M,
Athasha,F,
Atheeva,F,
Atiksh,M,
Atiriya,F,
Atithi,M,
Atiya,F,
Atma,M,
Atmaja,F,
Atmajyoti,M,
Atman,M,
Atmananda,M,
Atmikha,F,
Atraiu,M,
Atreyi,F,
Atreyi,F,
Atul,M,
Atula,F,
Atulya,M,
Auhna,F,
Aushima,F,
Avaapya,F,
Avadhesh,M,
Avalok,M,
Avaneesh,M,
Avani,F,
Avani,F,
Avanindra,M,
Avanti,F,
Avantika,F,
Avantika,F,
Avantikaa,F,
Avasa,F,
Avashesh,M,
Avasyu,M,
Avatar,M,
Avathara,F,
Avi,M,
Avichal,M,
Avijit,M,
Avikam,M,
Avilash,M,
Avinash,M,
Avinashi,F,
Avinashi,M,
Avinashika,F,
Avipsa,F,
Avirat,M,
Avish,M,
Avishi,F,
Avkash,M,
Avni,F,
Avnish,M,
Avnita,F,
Avtar,M,
Avyukt,M,
Ayanna,F,
Ayati,F,
Ayeh,F,
Ayesha,F,
Ayesha,F,
Ayog,M,
Ayudh,M,
Ayurda,F,
Ayush,M,
Ayushi,F,
Ayushmati,F,
Baadal,M,
Baalaark,M,
Baalkrishan,M,
Baanbhatt,M,
Baanke,Bihaari,
Baasima,M,
Babala,M,
Babita,F,
Babul,M,
Badri,M,
Badrinath,M,
Badriprasad,M,
Bageshri,F,
Bahubali,M,
Bahugandha,F,
Bahula,F,
Bahula,M,
Bahuleya,M,
Baibhav,M,
Baijanti,F,
Bairavi,F,
Bajrang,M,
Baka,F,
Bakool,M,
Bakul,F,
Bakul,M,
Bakula,F,
Bakula,M,
Bala,F,
Bala,F,
Balaaditya,M,
Balachandra,M,
Balagopal,M,
Balagovind,M,
Balaji,M,
Balakrishna,M,
Balamani,M,
Balamohan,M,
Balaraj,M,
Balaram,M,
Balashankar,M,
Balavan,M,
Balbhadra,M,
Balbir,M,
Baldev,M,
Balendu,M,
Bali,M,
Balmukund,M,
Balraj,M,
Balram,M,
Balvant,M,
Balveer,M,
Balvindra,M,
Banaj,M,
Bandhavi,F,
Bandhu,M,
Bandhul,M,
Bandhula,M,
Bandhura,F,
Baneet,M,
Banhi,F,
Bani,F,
Banita,F,
Banke,M,
Bankebihari,M,
Bankim,M,
Bankimchandra,M,
Banmala,F,
Banni,F,
Bansari,F,
Banshi,M,
Banshidhar,M,
Bansi,M,
Bansilal,M,
Banwari,M,
Barid,M,
Barindra,M,
Barkha,F,
Barkha,F,
Barsaat,M,
Barsha,F,
Barun,M,
Baruni,F,
Basabi,F,
Basant,M,
Basanti,F,
Basdev,M,
Batuk,M,
Bavishni,F,
Bavishya,F,
Bavyesh,M,
Beena,F,
Bel,F,
Bela,F,
Belli,F,
Benaka,F,
Benoy,M,
Bhaanu,M,
Bhadra,F,
Bhadra,M,
Bhadrak,M,
Bhadrakapil,M,
Bhadraksh,M,
Bhadrashree,M,
Bhadresh,M,
Bhadrusha,F,
Bhagat,M,
Bhagavaan,M,
Bhagavathi,F,
Bhagesh,M,
Bhagini,F,
Bhagirath,M,
Bhagirathi,F,
Bhagwant,M,
Bhagwanti,F,
Bhagwati,F,
Bhagyalakshmi,F,
Bhagyaraj,M,
Bhagyashri,F,
Bhagyawati,F,
Bhairav,M,
Bhairavi,F,
Bhajan,M,
Bhakti,F,
Bhakti,M,
Bhalendra,M,
Bhama,F,
Bhamini,F,
Bhamini,F,
Bhamini,F,
Bhandhavi,F,
Bhanu,F,
Bhanu,M,
Bhanudas,M,
Bhanuja,F,
Bhanumati,F,
Bhanumitra,M,
Bhanuni,F,
Bhanuprakash,M,
Bhanuprasad,M,
Bhanupriya,F,
Bhanusri,F,
Bharadwaj,M,
Bharat,M,
Bharati,F,
Bharavi,F,
Bhargav,M,
Bhargava,M,
Bhargavi,F,
Bhartesh,M,
Bhartihari,M,
Bhaskar,M,
Bhaskar,M,
Bhasvan,M,
Bhaswar,M,
Bhaumi,F,
Bhaumik,M,
Bhav-bhooti,M,
Bhavan,M,
Bhavana,F,
Bhavana,F,
Bhavani,F,
Bhavani,F,
Bhavesh,M,
Bhavi,F,
Bhavika,F,
Bhavika,F,
Bhavin,M,
Bhavini,F,
Bhavini,F,
Bhavit,M,
Bhavna,F,
Bhavna,F,
Bhavya,F,
Bhavya,M,
Bhavya,F,
Bhawanidas,M,
Bhawna,F,
Bheema,F,
Bheemsen,M,
Bheesham,M,
Bheru,M,
Bhim,M,
Bhishma,M,
Bhoj,M,
Bholanath,M,
Bhooma,F,
Bhoomi,F,
Bhoomika,F,
Bhoopat,M,
Bhoopendra,M,
Bhooshan,M,
Bhooshit,M,
Bhoumik,M,
Bhramar,M,
Bhrigu,M,
Bhrithi,F,
Bhudev,M,
Bhuman,M,
Bhumika,F,
Bhupad,M,
Bhupal,M,
Bhupali,F,
Bhupati,M,
Bhupen,M,
Bhupendra,M,
Bhupesh,M,
Bhushan,M,
Bhuvan,M,
Bhuvana,F,
Bhuvana,F,
Bhuvanesh,M,
Bhuvaneshwar,M,
Bhuvi,F,
Bibek,M,
Bibek,M,
Bidisha,F,
Bijal,F,
Bijal,M,
Bijal,M,
Bijal,F,
Bijali,F,
Bijli,F,
Bijli,F,
Bilva,M,
Bilva,M,
Bimal,M,
Bimal,M,
Bimala,F,
Bimb,M,
Bimb,M,
Bimbi,F,
Bimbisaar,M,
Bimbisaar,M,
Bina,F,
Bindhiya,F,
Bindiya,F,
Bindu,F,
Bindu,F,
Bindusar,M,
Bindusar,M,
Binita,F,
Binod,M,
Binod,M,
Bipasha,F,
Bipasha,F,
Bipin,M,
Bipin,M,
Bir,M,
Bir,M,
Birbal,M,
Birbal,M,
Biren,M,
Biren,M,
Birendra,M,
Birendra,M,
Birju,M,
Birju,M,
Bisaj,M,
Bisaj,M,
Bishakha,F,
Bodhan,M,
Bodhan,M,
Bodhi,F,
Boudhayan,M,
Boudhayan,M,
Brahma,M,
Brahma,M,
Brahmaanand,M,
Brahmaanand,M,
Brahmabrata,M,
Brahmabrata,M,
Brahmadutt,M,
Brahmadutt,M,
Brahmani,F,
Braj,M,
Braj,M,
Brajamohan,M,
Brajamohan,M,
Brajendra,M,
Brajendra,M,
Brajesh,M,
Brajesh,M,
Brajraaj,M,
Brajraaj,M,
Bramhaghosh,M,
Bramhaghosh,M,
Bramhanand,M,
Bramhanand,M,
Bratindra,M,
Bratindra,M,
Brent,M,
Brent,M,
Brij,M,
Brij,M,
Brijabala,F,
Brijesh,M,
Brijesh,M,
Brijkishor,M,
Brijkishor,M,
Brijmohan,M,
Brijmohan,M,
Brijnandan,M,
Brijnandan,M,
Brijraj,M,
Brijraj,M,
Brinda,F,
Brirar,M,
Brirar,M,
Briti,F,
Bryn,F,
Brynaam,M,
Brynaam,M,
Buddha,M,
Buddha,M,
Buddhadeva,M,
Buddhadeva,M,
Buddhapriya,M,
Buddhapriya,M,
Budhil,M,
Budhil,M,
Bulbul,F,
Cauvery,F,
Chaahat,M,
Chaanakya,M,
Chaaruchandra,M,
Chaarudatt,M,
Chaaruhaas,M,
Chaaya,F,
Chahel,M,
Chahna,F,
Chain,M,
Chairavali,F,
Chaitali,F,
Chaitaly,F,
Chaitan,M,
Chaitanya,F,
Chaitanya,M,
Chaitra,F,
Chakor,M,
Chakori,F,
Chakradev,M,
Chakradhar,M,
Chakrapaani,M,
Chakravartee,M,
Chakresh,M,
Chakrika,F,
Chakshan,M,
Chalama,F,
Chaman,F,
Chaman,M,
Chamanlal,M,
Chameli,F,
Champa,F,
Champak,M,
Champakmala,F,
Chanchal,F,
Chanchal,M,
Chanchala,F,
Chanchareek,M,
Chanchari,F,
Chanda,F,
Chanda,F,
Chandak,M,
Chandan,M,
Chandana,F,
Chandani,F,
Chandani,F,
Chandavarman,M,
Chandeedaas,M,
Chander,M,
Chandika,F,
Chandini,F,
Chandini,F,
Chandra,F,
Chandra,M,
Chandraabhaa,M,
Chandraaditya,M,
Chandraanan,M,
Chandraayan,M,
Chandrabha,F,
Chandrabhaga,F,
Chandrabhaga,M,
Chandrabhan,M,
Chandrachur,M,
Chandragupt,M,
Chandrahaas,M,
Chandrajyoti,F,
Chandrak,M,
Chandrakala,F,
Chandrakali,F,
Chandrakanta,F,
Chandrakanti,F,
Chandraketu,M,
Chandraki,F,
Chandrakin,M,
Chandrakiran,M,
Chandrakishore,M,
Chandrakumar,M,
Chandralekha,F,
Chandramaadhav,M,
Chandramauli,M,
Chandramohan,M,
Chandramukhi,F,
Chandran,M,
Chandranath,M,
Chandraprabha,F,
Chandraprakaash,M,
Chandrapushpa,F,
Chandraraj,M,
Chandrasen,M,
Chandrashekhar,M,
Chandravadan,M,
Chandresh,M,
Chandrika,F,
Chandrpeed,M,
Chane,F,
Chane,M,
Chapal,M,
Chapala,F,
Chara,F,
Charak,M,
Charan,M,
Charan,M,
Charanjit,M,
Charita,F,
Charmaine,F,
Charu,F,
Charu,F,
Charudutta,M,
Charulata,F,
Charulekha,F,
Charumati,F,
Charunetra,F,
Charusheel,M,
Charusheela,F,
Charuvrat,M,
Charvi,F,
Charvi,F,
Chashmum,F,
Chatresh,M,
Chatur,M,
Chatura,F,
Chatura,M,
Chaturaanan,M,
Chaturbhuj,M,
Chaunta,F,
Chayla,F,
Cheshta,F,
Chetak,M,
Chetan,M,
Chetana,F,
Chetanaanand,M,
Chetna,F,
Chetna,F,
Chhaayank,M,
Chhandak,M,
Chhavi,F,
Chhavi,F,
Chhavvi,F,
Chhaya,F,
Chhaya,F,
Chidaakaash,M,
Chidaatma,M,
Chidambar,M,
Chidananda,M,
Chidhatma,M,
Chiman,M,
Chinar,M,
Chinmay,M,
Chinmayananda,M,
Chinmayi,F,
Chinmayu,M,
Chintak,M,
Chintamani,F,
Chintan,M,
Chintav,M,
Chintu,M,
Chirag,M,
Chiranjeev,M,
Chirantan,M,
Chitesh,M,
Chitra,F,
Chitra,F,
Chitrabaahu,M,
Chitrabhanu,M,
Chitragandha,F,
Chitragupt,M,
Chitraketu,M,
Chitraksh,M,
Chitrakshi,F,
Chitral,M,
Chitralekha,F,
Chitrali,F,
Chitrangada,F,
Chitrani,F,
Chitrarath,M,
Chitrasen,M,
Chitrathi,F,
Chitrita,F,
Chittaprasad,M,
Chittaranjan,M,
Chittaswarup,M,
Chittesh,M,
Cholan,M,
Chudamani,M,
Chulbul,M,
Chunmay,M,
Chunni,F,
Chyavan,M,
Daaman,M,
Daamodar,M,
Daaruk,M,
Daarun,M,
Dahana,M,
Daitya,M,
Daiwik,M,
Daksh,M,
Daksha,F,
Daksha,F,
Dakshata,F,
Dakshayani,F,
Dakshesh,M,
Dakshi,M,
Dakshi,F,
Dakshinayan,M,
Dalaja,F,
Dalpati,M,
Daman,M,
Daman,M,
Damini,F,
Damini,F,
Damodar,M,
Damyanti,F,
Dandak,M,
Dandapaani,M,
Danta,M,
Danvir,M,
Darika,F,
Darpad,M,
Darpak,M,
Darpan,M,
Darpana,F,
Darsh,M,
Darsh,M,
Darsha,F,
Darshak,M,
Darshan,M,
Darshana,F,
Darshit,M,
Daruka,M,
Dasharath,M,
Dasharathi,M,
Datta,M,
Dattatreya,M,
Dattey,M,
Daya,F,
Daya,M,
Dayaal,M,
Dayakar,M,
Dayamay,M,
Dayamayi,F,
Dayanand,M,
Dayanidhi,M,
Dayanita,F,
Dayaram,M,
Dayasagar,M,
Dayashankar,M,
Dayaswarup,M,
Dayita,F,
Debashish,M,
Debjit,M,
Deborah,F,
Deekshaa,F,
Deekshita,F,
Deena,F,
Deenabandhu,M,
Deenadayaal,M,
Deenanath,M,
Deenbabdhu,M,
Deep,M,
Deepa,F,
Deepa,F,
Deepak,M,
Deepak,M,
Deepakala,F,
Deepal,F,
Deepali,F,
Deepali,F,
Deepan,M,
Deepankar,M,
Deepankar,M,
Deepaprabha,F,
Deepashikha,F,
Deepavati,F,
Deependra,M,
Deependu,M,
Deepesh,M,
Deepika,F,
Deepika,F,
Deepit,M,
Deepshika,F,
Deepta,F,
Deeptanshu,M,
Deeptendu,M,
Deepti,F,
Deepti,F,
Deeptiman,M,
Deeptimoy,M,
Deeta,F,
Deetya,F,
Dehabhuj,M,
Deleena,F,
Demira,F,
Deo,M,
Desna,F,
Dev,M,
Devaapi,M,
Devabrata,M,
Devadas,M,
Devadatt,M,
Devadeva,M,
Devagya,M,
Devaj,M,
Devajuta,M,
Devajyoti,M,
Devak,M,
Devakali,F,
Devakeenandan,M,
Devaki,F,
Devaki,F,
Devakiri,F,
Devakumar,M,
Deval,M,
Devanand,M,
Devang,M,
Devangi,F,
Devangi,F,
Devani,F,
Devank,M,
Devansh,M,
Devansh,M,
Devanshi,F,
Devapriya,F,
Devarshi,M,
Devashish,M,
Devashree,F,
Devashree,F,
Devbrata,M,
Devdarsh,M,
Devdas,M,
Devdatta,M,
Deveedaas,M,
Devendra,M,
Devendranath,M,
Devesh,M,
Deveshi,F,
Deveshi,F,
Deveshwar,M,
Devguru,M,
Devi,F,
Devi,M,
Devidas,M,
Devika,F,
Devika,F,
Devilaal,M,
Devin,F,
Deviprasad,M,
Devishi,F,
Devkanya,F,
Devki,F,
Devkinandan,M,
Devkumar,M,
Devmani,F,
Devna,F,
Devnarayan,M,
Devnath,M,
Devpad,M,
Devraaj,M,
Devrat,M,
Devsena,M,
Devvrata,M,
Devyani,F,
Devyani,F,
Dewansh,M,
Dhairya,M,
Dhananad,M,
Dhananjay,M,
Dhanapati,M,
Dhanashri,F,
Dhanesh,M,
Dhanishta,F,
Dhanraj,M,
Dhansukh,M,
Dhanush,M,
Dhanvant,M,
Dhanvantari,M,
Dhanvanti,F,
Dhanvin,M,
Dhanvine,M,
Dhanya,F,
Dhanya,M,
Dhanya,F,
Dhanyata,F,
Dhara,F,
Dharamnishth,M,
Dharanidhar,M,
Dharini,F,
Dharitree,M,
Dharitri,F,
Dharm-mitra,M,
Dharma,M,
Dharmadaas,M,
Dharmadev,M,
Dharmakeerti,M,
Dharmaketu,M,
Dharmanand,M,
Dharmaraaj,M,
Dharmaveer,M,
Dharmendra,M,
Dharmendu,M,
Dharmesh,M,
Dharmik,M,
Dharmista,F,
Dharmpaal,M,
Dharnitha,F,
Dharti,F,
Dharuna,F,
Dharuna,M,
Dhatri,F,
Dhatri,M,
Dhaval,M,
Dheeman,M,
Dheemant,M,
Dheeptha,F,
Dheer,M,
Dheeraj,M,
Dheerandra,M,
Dhilan,M,
Dhimant,M,
Dhinushshini,F,
Dhiraj,M,
Dhiren,M,
Dhirendra,M,
Dhlriti,F,
Dhriti,F,
Dhriti,F,
Dhritiman,M,
Dhrupad,M,
Dhruti,F,
Dhruv,M,
Dhruva,F,
Dhruvi,F,
Dhruvika,F,
Dhruvit,M,
Dhruvit,M,
Dhuha,M,
Dhuti,F,
Dhwani,F,
Dhwani,F,
Dhyana,F,
Dhyanesh,M,
Dhyaneshwar,M,
Dhyuti,F,
Digambar,M,
Digambari,F,
Digant,M,
Digvastra,M,
Digvijay,M,
Diksha,F,
Diksha,F,
Dikshan,M,
Dilawar,M,
Dilber,M,
Dileep,M,
Dilip,M,
Dimple,F,
Dinakar,M,
Dinanath,M,
Dinar,M,
Dindayal,M,
Dinendra,M,
Dinesh,M,
Dinpal,M,
Dipal,M,
Dipali,F,
Dipankar,M,
Dipashri,F,
Dipen,M,
Dipendu,M,
Dipesh,M,
Diptanshu,M,
Dipti,F,
Dipti,F,
Disha,F,
Disha,F,
Dishi,F,
Dishita,F,
Dishita,F,
Diti,F,
Divaakar,M,
Divija,F,
Divit,M,
Divya,F,
Divya,F,
Divyana,F,
Divyanshi,F,
Divyanshu,M,
Divyendu,M,
Divyesh,M,
Diya,F,
Draupadi,F,
Drisana,F,
Drishti,F,
Drishya,F,
Dristi,F,
Dron,M,
Drupad,M,
Druti,F,
Dulal,M,
Duranjaya,M,
Durga,F,
Durga,M,
Durgadas,M,
Durgadutt,M,
Durgesh,M,
Durijesh,M,
Durja,M,
Durjaya,M,
Durmada,M,
Durriya,F,
Durva,F,
Durvish,M,
Dushyant,M,
Dvimidha,M,
Dwaipayan,M,
Dwaraka,M,
Dwarakadas,M,
Dwarakanath,M,
Dwijaraj,M,
Dwijendra,M,
Dwijesh,M,
Dyumani,M,
Dyumna,M,
Dyuti,F,
Eashan,M,
Ecchumati,F,
Edha,F,
Edi,M,
Ednit,M,
Eesha,F,
Eeshwar,M,
Eha,M,
Ehimay,M,
Eila,F,
Eiravati,F,
Eka,M,
Ekaa,F,
Ekaaksh,M,
Ekaakshara,M,
Ekaant,M,
Ekaatmaa,M,
Ekachakra,M,
Ekadant,M,
Ekagrah,M,
Ekaja,F,
Ekaksha,M,
Ekalavya,M,
Ekaling,M,
Ekambar,M,
Ekana,M,
Ekanath,M,
Ekanga,M,
Ekani,F,
Ekani,M,
Ekansh,M,
Ekanta,F,
Ekantika,F,
Ekapad,M,
Ekaparnika,F,
Ekaraj,M,
Ekavir,M,
Ekavira,M,
Ekayavan,M,
Ekbal,M,
Eklavya,M,
Eknath,M,
Ekodar,M,
Ekram,M,
Ekta,F,
Ekta,F,
Ektaa,F,
Ela,F,
Elina,F,
Elina,F,
Esh,M,
Esha,F,
Esha,F,
Eshaan,M,
Eshani,F,
Eshita,F,
Eshwar,M,
Eshwardutt,M,
Eswary,F,
Eta,F,
Etash,M,
Ettan,M,
Evyavan,M,
Falak,F,
Falguni,F,
Falguni,F,
Farha,F,
Firaki,F,
Forum,F,
Fulki,F,
Fullan,F,
Fulmala,F,
Gadhadhar,M,
Gadin,M,
Gagan,M,
Gagandeep,M,
Gaganvihari,M,
Gagnesh,M,
Gajaadhar,M,
Gajanan,M,
Gajanand,M,
Gajbaahu,M,
Gajdant,M,
Gajendra,M,
Gajendranath,M,
Gajkaran,M,
Gajpati,M,
Gajra,F,
Gajrup,M,
Gajvadan,M,
Gambheer,M,
Ganak,M,
Ganapati,M,
Ganaraj,M,
Gandhaa,M,
Gandhali,F,
Gandharv,M,
Gandhik,M,
Gandiva,M,
Ganesa,F,
Ganesh,M,
Ganga,F,
Gangadatt,M,
Gangadhar,M,
Gangadutt,M,
Gangesh,M,
Gangesha,M,
Gangeya,M,
Gangi,F,
Gangika,F,
Gangol,M,
Ganika,F,
Ganjan,F,
Gannaath,M,
Gannon,M,
Garati,F,
Garg,M,
Gargi,F,
Garima,F,
Garima,F,
Garjan,M,
Garud,M,
Gatik,M,
Gaura,F,
Gaura,F,
Gaurang,M,
Gaurav,M,
Gaurav,M,
Gaurav,M,
Gauresh,M,
Gauri,F,
Gauri,F,
Gaurika,F,
Gaurikant,M,
Gaurinandan,M,
Gaurinath,M,
Gaurish,M,
Gaurishankar,M,
Gaurisuta,M,
Gautam,M,
Gautami,F,
Gaveshan,M,
Gayan,M,
Gayatri,F,
Gayatri,F,
Geet,F,
Geet,M,
Geeta,F,
Geeta,F,
Geeti,F,
Geeti,F,
Ghalib,M,
Ghanaanand,M,
Ghanendra,M,
Ghanshyam,M,
Gina,F,
Ginni,F,
Gira,F,
Girdhari,M,
Giri,M,
Giribala,F,
Giridhar,M,
Girija,F,
Girijanandan,M,
Girik,M,
Girilal,M,
Girindra,M,
Giriraj,M,
Girish,M,
Girisha,F,
Girivar,M,
Girvaan,M,
Gita,F,
Gita,F,
Gitali,F,
Gitanjali,F,
Gitanjali,F,
Gitashri,F,
Gitashri,M,
Gitika,F,
Gitika,F,
Giva,F,
Gobhil,M,
Goda,F,
Goda,Devi,
Godavari,F,
Godavri,F,
Gogula,M,
Gokul,M,
Gomti,F,
Gopa,F,
Gopal,M,
Gopan,M,
Gopesh,M,
Gopi,F,
Gopi,M,
Gopichand,M,
Gopika,F,
Gopika,F,
Gorakh,M,
Gorakh-naath,M,
Goral,M,
Gorma,F,
Gorochana,F,
Goswamee,M,
Gourangi,F,
Govardhan,M,
Govind,M,
Govinda,M,
Gowri,F,
Greeshma,F,
Grishm,M,
Grishma,F,
Gudakesha,M,
Guddu,F,
Gul,F,
Gul,M,
Gulab,F,
Gulab,M,
Gulal,M,
Gulika,F,
Gulshan,M,
Gulzar,M,
Gulzarilal,M,
Guna,M,
Gunaakar,M,
Gunagya,M,
Gunaja,M,
Gunamay,M,
Gunaratna,M,
Gunin,M,
Gunina,M,
Gunita,F,
Gunjan,F,
Gunjan,M,
Gunjan,F,
Gunjita,F,
Gunnika,F,
Gunvant,M,
Gurbachan,M,
Gurcharan,M,
Gurdayal,M,
Gurdeep,M,
Gurjari,F,
Gurjas,M,
Gurman,M,
Gurmeet,M,
Gurmukh,M,
Gurparveen,F,
Gurpreet,M,
Gursharan,M,
Guru,M,
Gurubachan,M,
Gurucharan,M,
Gurudas,M,
Gurudatt,M,
Gurudutt,M,
Gurusharan,M,
Guruttam,M,
Gyan,M,
Gyanada,F,
Gyandev,M,
Gyaneshwar,M,
Haadiya,M,
Haimavathi,F,
Haimi,F,
Hakesh,M,
Hamsa,F,
Hamsavahini,F,
Hamsini,F,
Hana,M,
Hanan,M,
Hans,M,
Hansa,F,
Hansamala,F,
Hanshal,M,
Hansin,M,
Hansini,F,
Hansraaj,M,
Hanuman,M,
Hanumant,M,
Har,M,
Hara,M,
Hardik,M,
Hareendra,M,
Harekrishna,M,
Haresh,M,
Hari,M,
Hari,M,
Hariaksa,M,
Haribala,F,
Haricharan,M,
Haridas,M,
Harigopal,M,
Harihar,M,
Harij,M,
Harikrishna,M,
Harilal,M,
Harinakshi,F,
Harinarayan,M,
Harindra,M,
Harindranath,M,
Harini,F,
Hariprasad,M,
Haripreet,M,
Haripriya,F,
Hariram,M,
Harish,M,
Harishankar,M,
Harishchandra,M,
Harit,M,
Harita,F,
Harita,F,
Haritbaran,M,
Harivansh,M,
Harivilaas,M,
Harjeet,M,
Harkrishna,M,
Harman,M,
Harmendra,M,
Haroon,M,
Harper,F,
Harsh,M,
Harsh,F,
Harsha,F,
Harsha,M,
Harsha,F,
Harshad,M,
Harshada,F,
Harshal,F,
Harshal,M,
Harshavardhan,M,
Harshika,F,
Harshini,F,
Harshini,M,
Harshit,M,
Harshita,F,
Harshita,F,
Harshul,M,
Harsika,F,
Harteij,M,
Hasan,M,
Hasina,F,
Hasit,M,
Hasita,F,
Hasmukh,M,
Hastin,M,
Havish,M,
Heera,F,
Heerkani,F,
Hem,F,
Hem,M,
Hema,F,
Hemaadri,M,
Hemachandra,M,
Hemadri,F,
Hemadri,M,
Hemakesh,M,
Hemakshi,F,
Hemal,F,
Hemal,M,
Hemalata,F,
Hemamdar,M,
Hemang,M,
Hemanga,M,
Hemangi,F,
Hemangi,F,
Hemangini,F,
Hemani,F,
Hemant,M,
Hemant,M,
Hemanti,F,
Hemaprabha,F,
Hemaprakash,M,
Hemaprasad,M,
Hemaraj,M,
Hemashri,F,
Hemavati,F,
Hemavatinandan,M,
Hemayu,M,
Hemchander,M,
Hemdev,M,
Hemen,M,
Hemendra,M,
Hemendu,M,
Hemish,M,
Hemkanta,F,
Hemlata,F,
Hemraaj,M,
Hena,F,
Henna,F,
Henna,F,
Heramba,M,
Hetal,F,
Hetal,M,
Hilla,F,
Hima,F,
Hima,F,
Himaadri,M,
Himachal,M,
Himagour,F,
Himaja,F,
Himani,F,
Himani,F,
Himanish,M,
Himank,M,
Himanshu,M,
Himanshu,M,
Himmat,M,
Himnish,M,
Hina,F,
Hind,M,
Hinda,F,
Hindola,M,
Hiral,F,
Hiral,M,
Hiranmaya,M,
Hiranmayi,F,
Hiranya,M,
Hiranyak,M,
Hiren,M,
Hirendra,M,
Hiresh,M,
Hita,F,
Hitaishi,F,
Hitakrit,M,
Hiten,M,
Hitendra,M,
Hitesh,M,
Hitul,M,
Hiya,F,
Hradini,F,
Hriday,M,
Hridayanath,M,
Hridayesh,M,
Hridya,F,
Hridyanshu,M,
hrikumar,M,
Hrishi,M,
Hrishikesh,M,
Hrithik,M,
Hrithika,F,
Huda,M,
Huma,F,
Humaila,F,
Huthesh,M,
Hyma,F,
Hymavathi,F,
Ibhanan,M,
Ichaa,M,
Idaspati,M,
Idha,F,
Idhant,M,
Idika,F,
Iditri,F,
Iha,F,
Ihita,F,
Ijay,M,
Ijaya,F,
Iksha,F,
Ikshan,M,
Ikshit,M,
Ikshita,F,
Ikshu,M,
Ikshula,F,
Iksura,F,
ILA,F,
Ilashpasti,M,
Ilesh,M,
Ilisa,M,
Imani,F,
Ina,F,
Ina,M,
Inas,F,
Inas,M,
Inayat,F,
Indeever,M,
Indira,F,
Indivar,M,
Indra,M,
Indraarjun,M,
Indradatt,M,
Indradyumn,M,
Indrajit,M,
Indrakanta,F,
Indrakshi,F,
Indraneel,M,
Indrani,F,
Indrasen,M,
Indrasena,M,
Indravadan,M,
Indrina,F,
Indu,F,
Indu,F,
Indubhushan,M,
Induj,M,
Induja,F,
Indukala,F,
Indukant,M,
Indukanta,F,
Indulal,M,
Indulala,F,
Indulekha,F,
Induleksh,M,
Induma,F,
Indumal,M,
Indumati,F,
Indumauli,F,
Indumauli,M,
Induprabha,F,
Indushekhar,M,
Inesh,M,
Inganam,M,
Inika,F,
Inoday,M,
Inu,F,
Ipsa,F,
Ipsa,F,
Ipsit,M,
Ipsita,F,
Ipsita,F,
Ira,F,
Iraj,M,
Iraja,F,
Iravan,M,
Iravat,M,
Iravati,F,
Iresh,M,
Irit,F,
Ish,M,
Isha,F,
Isha,F,
Ishaan,M,
Ishan,M,
Ishan,M,
Ishana,F,
Ishana,M,
Ishani,F,
Ishani,F,
Ishanvi,F,
Ishat,M,
Ishayu,M,
Ishi,F,
Ishir,M,
Ishit,M,
Ishita,F,
Ishita,F,
Ishta,F,
Ishwar,M,
Ishwari,F,
Ishwarya,F,
Ishya,F,
Iti,F,
Itkila,F,
Iyla,F,
Jaasritha,F,
Jaba,F,
Jag,Jeevan,
Jagadamba,F,
Jagadambika,F,
Jagadbandu,M,
Jagadeep,M,
Jagadev,M,
Jagadhish,M,
Jagajeet,M,
Jagajeevan,M,
Jagan,M,
Jaganmata,F,
Jaganmay,M,
Jaganmayee,F,
Jaganmohini,F,
Jagannath,M,
Jagat,M,
Jagatbehari,M,
Jagatguru,M,
Jagati,F,
Jagatkishor,M,
Jagatpal,M,
Jagatprabhu,M,
Jagatprakash,M,
Jagatveer,M,
Jagdeep,M,
Jagdeo,M,
Jagdish,M,
Jagesh,M,
Jagger,M,
Jagish,M,
Jagmohan,M,
Jagrati,F,
Jagrav,M,
Jagriti,F,
Jagruti,F,
Jagvi,F,
Jahan,M,
Jahi,M,
Jahnavi,F,
Jahnu,M,
Jai,M,
Jaichand,M,
Jaidayal,M,
Jaideep,M,
Jaidev,M,
Jaigopal,M,
Jaikrishna,M,
Jaiman,M,
Jaina,F,
Jainarayan,M,
Jainil,M,
Jaipal,M,
Jairaj,M,
Jairam,M,
Jaisal,M,
Jaishnavi,F,
Jaisukh,M,
Jaitashri,F,
Jaithra,M,
Jaival,M,
Jaivant,M,
Jaivardhan,M,
Jaiveer,M,
Jakarious,M,
Jaladhija,F,
Jalaj,M,
Jalaja,F,
Jalbala,F,
Jalbhushan,M,
Jaldev,M,
Jaldhar,M,
Jalendu,M,
Jalesh,M,
Jalpa,F,
Jalsa,F,
Jalsa,M,
Jamuna,F,
Janak,M,
Janaki,F,
Janaki,F,
Janakibhushan,M,
Janakidas,M,
Janakinath,M,
Janakiraman,M,
Janaknandini,F,
Janamejay,M,
Janani,F,
Janardan,M,
Janavika,F,
Janesh,M,
Janisha,F,
Jankesh,M,
Janki,F,
Janmesh,M,
Janu,M,
Januja,F,
Janya,F,
Japa,M,
Japendra,M,
Japesh,M,
Jarul,F,
Jasbeer,M,
Jashith,M,
Jasjit,M,
Jaskaran,M,
Jasmin,F,
Jasmit,F,
Jaspal,M,
Jasraj,M,
Jasu,F,
Jasum,F,
Jasveer,M,
Jaswant,M,
Jasweer,F,
Jataayu,M,
Jatan,M,
Jatasya,M,
Jatin,M,
Jatin,M,
Javesh,M,
Jawahar,M,
Jay,M,
Jay,M,
Jaya,F,
Jaya,F,
Jayachand,M,
Jayadeep,M,
Jayaditya,M,
Jayakrishan,M,
Jayalakshmi,F,
Jayalalita,F,
Jayamala,F,
Jayan,F,
Jayani,F,
Jayani,M,
Jayant,M,
Jayanti,F,
Jayanti,F,
Jayapal,M,
Jayaprabha,F,
Jayaprada,F,
Jayaprakash,M,
Jayashekhar,M,
Jayashri,F,
Jayasudha,F,
Jayavanti,F,
Jayawant,M,
Jayendra,M,
Jayesh,M,
Jayin,M,
Jayita,F,
Jayita,F,
Jayna,F,
Jayne,F,
Jaysukh,M,
Jeeteshi,F,
Jeeval,M,
Jeevan,/,
Jeevanprakash,M,
Jeevaraaj,M,
Jeevesh,M,
Jeevesh,M,
Jeevika,F,
Jeevika,F,
Jesal,F,
Jhalak,F,
Jhalak,F,
Jharna,F,
Jhulier,M,
Jhumar,M,
Jigar,M,
Jiger,M,
Jigisha,F,
Jigna,F,
Jignasa,F,
Jignesh,M,
Jigyasa,F,
Jilesh,M,
Jilpa,F,
Jimuta,M,
Jina,M,
Jinabhadra,M,
Jinadev,M,
Jinal,F,
Jinendra,M,
Jinisha,F,
Jishnu,M,
Jitamitra,M,
Jitendra,M,
Jithvar,M,
Jivaj,M,
Jival,M,
Jivana,M,
Jivin,M,
Jivitesh,M,
Jivraj,M,
Jiya,F,
Jnyandeep,M,
Jnyaneshwar,M,
Jogesh,M,
Joginder,M,
Jogindra,M,
Jograj,M,
Joshika,F,
Joshila,F,
Joshitha,F,
Jovita,F,
Jowaki,F,
Joy,M,
Juana,F,
Jugal,M,
Jugnu,M,
Juhi,F,
Jui,F,
Jwala,F,
Jwala,M,
Jwalant,M,
Jwalaprasad,M,
Jwalia,M,
Jyena,F,
Jyeshtha,F,
Jyestha,M,
Jyotheesh,M,
Jyothish,M,
Jyoti,F,
Jyoti,F,
Jyotichandra,M,
Jyotika,F,
Jyotindra,M,
Jyotiprakash,M,
Jyotiranjan,M,
Jyotirdhar,M,
Jyotirmaya,M,
Jyotirmayi,F,
Jyotishmati,F,
Jyotsna,F,
Jyotsna,F,
Kaajal,F,
Kaalaka,F,
Kaalanjari,F,
Kaaliya,M,
Kaamakya,F,
Kaanan,M,
Kaarikaa,M,
Kaartikeya,M,
Kaashinaath,M,
Kaasni,F,
Kabir,M,
Kabir,M,
Kadamb,M,
Kadambari,F,
Kadambini,F,
Kaditula,M,
Kailash,M,
Kailashchandra,M,
Kailashnath,M,
Kairav,M,
Kairavi,F,
Kaishori,F,
Kaivalya,M,
Kajal,F,
Kajjali,F,
Kajol,F,
Kajol,F,
Kajri,F,
Kakali,F,
Kakoli,F,
Kaksi,F,
Kal-hans,M,
Kala,F,
Kaladhar,M,
Kalakarni,F,
Kalanath,M,
Kalanidhi,M,
Kalap,M,
Kalapi,F,
Kalapini,F,
Kalash,M,
Kalavati,F,
Kaleecharan,M,
Kali,F,
Kalicharan,M,
Kalidas,M,
Kalika,F,
Kalima,F,
Kalimohan,M,
Kalindi,F,
Kaling,M,
Kalini,F,
Kaliranjan,M,
Kalkin,M,
Kallol,F,
Kallol,M,
Kalpak,M,
Kalpana,F,
Kalpana,F,
Kalpanath,M,
Kalpesh,M,
Kalyan,M,
Kalyani,F,
Kamadev,M,
Kamakshi,F,
Kamal,F,
Kamal,M,
Kamala,F,
Kamalaapati,M,
Kamalaj,M,
Kamalakar,M,
Kamalaksh,M,
Kamalakshi,F,
Kamalanayan,M,
Kamalbandhu,M,
Kamalesh,M,
Kamalika,F,
Kamalini,F,
Kamalkant,M,
Kamalnath,M,
Kamalnayan,M,
Kamana,F,
Kamboj,M,
Kamesh,M,
Kameshvari,F,
Kamini,F,
Kamini,F,
Kamna,F,
Kamod,M,
Kamran,M,
Kamsantak,M,
Kamya,F,
Kamya,F,
Kana,F,
Kanaiya,M,
Kanak,M,
Kanak,F,
Kanaka,F,
Kanakabati,F,
Kanakapriya,F,
Kanaklata,F,
Kanan,F,
Kanan,M,
Kanan,F,
Kananbala,F,
Kanasu,F,
Kanchan,F,
Kanchan,F,
Kanchana,F,
Kanchanprabha,F,
Kanchi,F,
Kandarp,M,
Kanha,M,
Kanhaiya,M,
Kani,F,
Kanika,F,
Kanika,F,
Kanira,F,
Kanish,M,
Kanishk,M,
Kanishka,F,
Kanj,M,
Kanjri,F,
Kankalini,F,
Kankana,F,
Kannaki,F,
Kanta,F,
Kanti,F,
Kantilal,M,
Kantimoy,M,
Kanu,M,
Kanupriya,F,
Kanupriya,F,
Kanushi,F,
Kanv,M,
Kanvar,M,
Kanwal,M,
Kanwaljeet,M,
Kanwalkishore,M,
Kanya,F,
Kanyaka,F,
Kanyakumari,F,
Kapaali,M,
Kapi,M,
Kapidhwaj,M,
Kapil,M,
Kapil,Dev,
Kapila,F,
Kapilashwar,M,
Kapindra,M,
Kapirath,M,
Kapish,M,
Kapotakshi,F,
Karabi,F,
Karala,F,
Karalika,F,
Karan,M,
Karan,M,
Kareena,F,
Kareena,F,
Karishma,F,
Karishma,F,
Karka,F,
Karla,F,
Karmendra,M,
Karmjit,M,
Karna,M,
Karnabhushan,M,
Karnajeet,M,
Karnam,M,
Karnapriya,F,
Karnapriya,M,
Karpoor,M,
Kartar,M,
Karthiaeini,F,
Kartik,M,
Kartikeya,M,
Karuka,F,
Karul,F,
Karuna,F,
Karuna,M,
Karuna,F,
Karunaanidhi,M,
Karunakar,M,
Karunamaya,M,
Karunamayee,F,
Karunanidhi,M,
Karunashankar,M,
Karunesh,M,
Karunya,F,
Kashi,F,
Kashi,M,
Kashif,M,
Kashika,F,
Kashika,F,
Kashinath,M,
Kashiprasad,M,
Kashish,F,
Kashish,F,
Kashmira,F,
Kashmira,F,
Kashvi,F,
Kashvi,F,
Kashwini,F,
Kashyap,M,
Kashyapi,F,
Kasish,M,
Kasturi,F,
Kasturi,F,
Kathyayani,F,
Katyayan,M,
Kaumudi,F,
Kausalya,F,
Kausar,M,
Kaushal,M,
Kaushalesh,M,
Kaushali,F,
Kaushalya,F,
Kaushik,M,
Kaushiki,F,
Kaustav,M,
Kaustubh,M,
Kaustubhi,F,
Kautik,M,
Kautilya,M,
Kautirya,F,
Kaveesha,M,
Kavel,M,
Kaver,F,
Kavi,M,
Kavika,F,
Kavika,F,
Kavin,F,
Kavin,M,
Kavindra,M,
Kaviraj,M,
Kavish,M,
Kavishri,F,
Kavita,F,
Kavita,F,
Kaviya,F,
Kavni,F,
Kavya,F,
Kayaan,M,
Kedaar,M,
Kedarnath,M,
Keemaya,F,
Keertan,M,
Keertana,F,
Keerthana,F,
Keerthi,F,
Keerthika,F,
Keerthinath,M,
Kenga,F,
Kenisha,F,
Kerani,F,
Kesar,F,
Kesar,M,
Kesari,F,
Keshav,M,
Keshi,F,
Keshika,F,
Keshika,F,
Keshini,F,
Keshini,F,
Keshori,F,
Keshto,M,
Ketak,M,
Ketaki,F,
Ketan,M,
Ketika,F,
Ketki,F,
Ketu,M,
Ketubh,M,
Keva,F,
Keva,M,
Keval,M,
Kevalkishore,M,
Kevalkumar,M,
Keya,F,
Keyuri,F,
Khagendra,M,
Khagesh,M,
Khairiya,M,
Khajit,M,
Khanika,F,
Kharanshu,M,
Khemchand,M,
Khemprakash,M,
Khushal,M,
Khushboo,F,
Khushi,F,
Khushi,F,
Khushwant,M,
Khyath,F,
Khyati,F,
Khyati,F,
Kimatra,F,
Kimaya,F,
Kina,F,
Kinaari,F,
Kindam,M,
Kinjal,F,
Kinnari,F,
Kinnera,F,
Kinshuk,M,
Kintan,M,
Kiraat,M,
Kiran,F,
Kiran,M,
Kiran,F,
Kiranmala,F,
Kiranmayi,F,
Kirat,M,
Kirati,F,
Kiratidev,M,
Kireet,M,
Kirin,M,
Kiritmani,M,
Kirtan,M,
Kirtana,F,
Kirti,F,
Kirti,M,
Kirti,F,
Kirtibhushan,M,
Kirtikumar,M,
Kirtin,M,
Kirtivallabh,M,
Kirtmalini,F,
Kiruba,F,
Kishan,M,
Kishmish,F,
Kishor,M,
Kishore,M,
Kishorekumar,M,
Kishori,F,
Kitu,F,
Komal,F,
Komal,F,
Komala,F,
Komali,F,
Kopal,F,
Koshin,M,
Kosi,F,
Koundinya,M,
Kovidh,M,
Koyel,F,
Koyna,F,
Kraanti,M,
Krandasi,F,
Kranti,F,
Krina,F,
Kripa,F,
Kripa,M,
Kripal,M,
Kripanidhi,M,
Kripasagar,M,
Kripi,F,
Krish,M,
Krisha,F,
Krishang,M,
Krishanu,M,
Krishi,F,
Krishna,F,
Krishna,M,
Krishna,M,
Krishnachandra,M,
Krishnadeva,M,
Krishnakali,F,
Krishnakumar,M,
Krishnamurari,M,
Krishnamurthy,M,
Krishnaveni,F,
Krishnendu,M,
Kritanu,M,
Krithik,M,
Kriti,F,
Kritika,F,
Kritin,M,
Krittika,F,
Krittika,F,
Kritu,F,
Krivi,M,
Krunal,M,
Krupa,F,
Krupal,M,
Krupali,F,
Kruti,F,
Kshama,F,
Kshamya,F,
Kshanaprabha,F,
Kshanika,F,
Kshantu,M,
Kshaunish,M,
Kshema,F,
Kshemendra,M,
Kshemya,F,
Kshipa,F,
Kshipra,F,
Kshipva,F,
Kshiraj,M,
Kshiraja,F,
Kshirin,F,
Kshirin,M,
Kshirja,F,
Kshiti,F,
Kshitidhar,M,
Kshitij,M,
Kshitij,M,
Kshitija,F,
Kshrugal,M,
Kuber,M,
Kuberchand,M,
Kuhuk,F,
Kuja,F,
Kularanjan,M,
Kulbhooshan,M,
Kuldeep,M,
Kuldev,M,
Kulvir,M,
Kumar,M,
Kumaresh,M,
Kumari,F,
Kumkum,F,
Kumud,F,
Kumud,M,
Kumuda,F,
Kumudesh,M,
Kumudini,F,
Kumush,M,
Kunal,M,
Kunda,F,
Kunda,M,
Kundan,F,
Kundan,M,
Kundanika,F,
Kundanlal,M,
Kunisha,F,
Kunjabihari,M,
Kunjal,F,
Kunjalata,F,
Kunjana,F,
Kunsh,M,
Kunshi,F,
Kunshi,M,
Kuntal,F,
Kuntala,F,
Kunti,F,
Kunwar,M,
Kurangi,F,
Kusagra,M,
Kush,M,
Kushabahu,M,
Kushad,M,
Kushal,M,
Kushala,F,
Kushali,F,
Kushanu,M,
Kusum,F,
Kusum,F,
Kusuma,F,
Kusumakar,M,
Kusumanjali,F,
Kusumavati,F,
Kusumesh,M,
Kusumita,F,
Kusumlata,F,
Kuvam,F,
Kuvam,M,
Kuvar,M,
Kuvira,F,
Kvanh,M,
Laabh,M,
Laabha,F,
Laalamani,F,
Laalamani,M,
Laasya,F,
Laavanya,M,
Labangalata,F,
Laboni,F,
Labuki,F,
Ladhi,F,
Ladli,F,
Laghima,F,
Laghuvi,F,
Lahar,M,
Laharika,F,
Lajita,F,
Lajja,F,
Lajjawati,F,
Lajvanti,F,
Lajvati,F,
Lajwanti,F,
Lajwati,F,
Lakhan,M,
Lakhi,F,
Laksh,M,
Laksha,F,
Laksha,F,
Lakshaki,F,
Lakshan,M,
Lakshana,F,
Lakshanya,F,
Lakshanya,M,
Lakshita,F,
Lakshman,M,
Lakshmi,F,
Lakshmi,F,
Lakshmidhar,M,
Lakshmigopal,M,
Lakshmikant,M,
Lakshmikant,M,
Lakshminarayan,M,
Lakshminath,M,
Lakshmipati,M,
Lakshmiraman,M,
Lakshmishree,F,
Lakshya,F,
Lakshya,M,
Lalam,M,
Lalan,F,
Lalan,M,
Lalana,F,
Lalasa,F,
Lalchand,M,
Lali,F,
Lalima,F,
Lalit,M,
Lalit,M,
Lalit,M,
Lalita,F,
Lalitaditya,M,
Lalitamohana,F,
Lalitchandra,M,
Lalitesh,M,
Lalitkishore,M,
Lalitkumar,M,
Lalitlochan,M,
Lalitmohan,M,
Lambodar,M,
Laniban,M,
Lankesh,M,
Laranya,F,
Larraj,M,
Lasaki,F,
Lata,F,
Latakara,F,
Latangi,F,
Latika,F,
Lav,M,
Lavali,F,
Lavangi,F,
Lavani,F,
Lavanya,F,
Lavanya,F,
Lavenia,F,
Lavitra,M,
Laxmi,F,
Laxmi,F,
Layak,M,
Leela,F,
Leelamayee,F,
Leena,F,
Lekh,M,
Lekha,F,
Lekisha,F,
Leora,F,
Libni,F,
Liladhar,M,
Lilavati,F,
Lilavati,F,
Lillian,F,
Lilly,F,
Lily,F,
Lipi,F,
Lipi,F,
Lipika,F,
Lochan,M,
Lochana,F,
Lohendra,M,
Lohini,F,
Lohit,M,
Lohitaksha,M,
Lohitashwa,M,
Lokajanani,F,
Lokakriti,M,
Lokamatri,F,
Lokanetra,M,
Lokapujya,M,
Lokbhushan,M,
Lokesh,M,
Loknaath,M,
Lokpradeep,M,
Lokprakash,M,
Lokranjan,M,
Lola,F,
Lolaksi,F,
Lolita,F,
Lomash,M,
Lona,F,
Lopa,F,
Lopamudra,F,
Loukya,F,
Love,M,
Lucia,F,
Lukesh,M,
Lumbika,F,
Lunasha,F,
Luv,M,
Maadhav,M,
Maagh,M,
Maalav,M,
Maalolan,M,
Maanav,M,
Maandhata,M,
Maanika,F,
Madan,M,
Madangopal,M,
Madanmohan,M,
Maderu,M,
Madesh,M,
Madhav,M,
Madhav,M,
Madhavan,M,
Madhavdas,M,
Madhavi,F,
Madhavilata,F,
Madhu,F,
Madhu,M,
Madhubala,F,
Madhuban,M,
Madhuchanda,F,
Madhuchanda,M,
Madhuk,M,
Madhukant,M,
Madhukar,M,
Madhuksara,F,
Madhul,F,
Madhulata,F,
Madhulekha,F,
Madhulika,F,
Madhulika,F,
Madhumalati,F,
Madhumathi,F,
Madhumitha,F,
Madhunisha,F,
Madhup,M,
Madhupriya,F,
Madhur,F,
Madhur,M,
Madhura,F,
Madhureema,F,
Madhuri,F,
Madhurima,F,
Madhushri,F,
Madhusoodan,M,
Madhusudan,M,
Madhuvanthi,F,
Madhvi,F,
Madin,M,
Madirakshi,F,
Magadhi,F,
Magan,M,
Magana,F,
Maghi,F,
Maha,M,
Mahabahu,M,
Mahabala,M,
Mahabhadra,F,
Mahadev,M,
Mahadev,M,
Mahadevi,F,
Mahagauri,F,
Mahakali,F,
Mahakanta,F,
Mahakaya,M,
Mahaketu,M,
Mahakram,M,
Mahalakshmi,F,
Mahamani,M,
Mahamati,M,
Mahamaya,F,
Mahanidhi,M,
Mahaniya,F,
Mahant,M,
Mahapurush,M,
Maharanth,M,
Maharshi,M,
Mahasri,F,
Mahasvin,M,
Mahasweta,F,
Mahati,F,
Mahatru,M,
Mahaveer,M,
Mahavir,M,
Maheepati,M,
Maheepati,M,
Mahendra,M,
Mahendra,M,
Mahesh,M,
Maheshi,F,
Maheshwar,M,
Maheshwari,F,
Mahi,F,
Mahi,M,
Mahijuba,F,
Mahika,F,
Mahima,F,
Mahima,F,
Mahin,M,
Mahipal,M,
Mahipati,M,
Mahish,M,
Mahit,M,
Mahita,F,
Mahiya,F,
Mahua,F,
Maina,F,
Mairava,M,
Maithili,F,
Maithili,F,
Maitreya,F,
Maitreya,M,
Maitreyi,F,
Maitry,F,
Makali,F,
Makarand,M,
Makhesh,M,
Makrand,M,
Makshi,F,
Makul,M,
Mala,F,
Malak,M,
Malank,M,
Malashree,F,
Malati,F,
Malavika,F,
Malay,M,
Malaya,F,
Malaya,M,
Malhar,M,
Maliha,F,
Malika,F,
Malina,F,
Malini,F,
Malini,F,
Malka,F,
Mallesh,M,
Malli,F,
Mallika,F,
Malti,F,
Malvika,F,
Mamata,F,
Mamraj,M,
Mamta,F,
Mana,F,
Manaal,M,
Manaar,M,
Manali,F,
Manan,M,
Manan,M,
Manana,F,
Manas,M,
Manasa,F,
Manasi,F,
Manasvi,F,
Manasvini,F,
Manav,M,
Manavendra,M,
Manavi,F,
Manda,F,
Mandaar,M,
Mandakini,F,
Mandakranta,F,
Mandakranta,M,
Mandar,M,
Mandara,F,
Mandarmalika,F,
Mandavi,F,
Mandeep,M,
Mandeepa,F,
Mandhatri,M,
Mandira,F,
Mandodari,F,
Maneendra,M,
Maneesh,M,
Maneet,M,
Manendra,M,
Mangal,M,
Mangala,F,
Mangesh,M,
Manhar,M,
Mani,F,
Mani,M,
Manibhushan,M,
Manideepa,F,
Manidhar,M,
Manik,M,
Manika,F,
Manikaant,M,
Manikandan,M,
Manikuntala,F,
Manimala,F,
Manimekhala,F,
Manindra,M,
Manini,F,
Maniram,M,
Maniratna,F,
Manish,M,
Manisha,F,
Manisha,F,
Manishankar,M,
Manishika,F,
Manit,M,
Manjari,F,
Manjeet,M,
Manjira,F,
Manjistha,F,
Manju,F,
Manju,F,
Manjubala,F,
Manjubhargavi,F,
Manjughosh,M,
Manjul,M,
Manjula,F,
Manjulika,F,
Manjusha,F,
Manjusha,F,
Manjushri,F,
Manjusri,F,
Manjusri,F,
Manjyot,F,
Manjyot,M,
Manmayi,F,
Manmohan,M,
Manna,F,
Mannan,M,
Manohar,M,
Manoj,M,
Manojavaya,M,
Manomay,M,
Manorama,F,
Manoranjan,M,
Manoranjana,F,
Manorath,M,
Manotej,M,
Manprasad,M,
Manshree,F,
Mansi,F,
Mansukh,M,
Manthan,M,
Mantra,F,
Mantram,M,
Manu,M,
Manuraj,M,
Manushri,F,
Manvendra,M,
Manvi,F,
Manvir,M,
Manya,F,
Manyu,M,
Maraal,M,
Maraam,M,
Marala,F,
Mardav,M,
Mareechi,M,
Mareesha,F,
Margi,F,
Marichi,F,
Marichika,F,
Marisa,F,
Markandeya,F,
Markandeya,M,
Marsha,F,
Martand,M,
Martanda,M,
Marudeva,M,
Marudhvathi,F,
Marushika,F,
Marut,M,
Maruti,M,
Marya,F,
Masara,F,
Masum,F,
Matanga,M,
Matangi,F,
Matheysh,M,
Matisha,F,
Matra,F,
Matrika,F,
Matsyendra,M,
Maulik,M,
Mausam,F,
Mausami,F,
Maya,F,
Maya,F,
Mayank,M,
Mayank,M,
Mayon,M,
Mayra,F,
Maysoon,M,
Mayukh,M,
Mayukhi,F,
Mayur,M,
Mayura,F,
Mayuri,F,
Mayurika,F,
Medh,M,
Medha,F,
Medha,F,
Medhansh,M,
Medini,F,
Meena,F,
Meena,F,
Meenakshi,F,
Meenakshi,F,
Meenal,F,
Meer,M,
Meera,F,
Meera,F,
Meesha,F,
Meeta,F,
Megan,F,
Megh,M,
Megh-naad,M,
Megha,F,
Megha,F,
Meghaj,M,
Meghan,M,
Meghana,F,
Meghashyam,M,
Meghavini,F,
Meghdutt,M,
Meghna,F,
Meghnad,M,
Meghraj,M,
Meha,F,
Mehaan,M,
Mehak,F,
Mehal,F,
Mehal,M,
Mehtab,M,
Mehul,F,
Mehul,M,
Mehuli,F,
Mekhala,F,
Mela,F,
Mena,F,
Menaha,F,
Menaja,F,
Menaka,F,
Methra,F,
Mihika,F,
Mihir,M,
Mihira,F,
Mihirkiran,M,
Mikesh,M,
Mikul,M,
Milan,M,
Miland,M,
Milap,M,
Mili,F,
Milind,M,
Milit,M,
Mina,F,
Minakshi,F,
Minal,F,
Minal,M,
Minal,F,
Minati,F,
Minati,F,
Minesh,M,
Mini,F,
Minisha,F,
Mira,F,
Miraya,F,
Misal,M,
Misha,F,
Misha,F,
Mishaye,F,
Mishika,F,
Mishita,F,
Mishti,F,
Mishti,F,
Misri,F,
Misri,M,
Mita,F,
Mita,F,
Mitali,F,
Mitali,M,
Mitansh,M,
Miten,M,
Mitesh,M,
Mithil,M,
Mithila,F,
Mithilesh,M,
Mithra,F,
Mithran,M,
Mithun,M,
Mitrajit,M,
Mitul,M,
Mitul,F,
Modak,M,
Moh,M,
Mohajit,M,
Mohak,M,
Mohal,M,
Mohan,M,
Mohana,F,
Mohati,F,
Mohi,F,
Mohin,M,
Mohini,F,
Mohini,F,
Mohit,M,
Mohit,M,
Mohita,F,
Mohnish,M,
Mohul,M,
Mokshita,F,
Moksin,F,
Molina,F,
Mona,F,
Monal,F,
Monica,F,
Monica,F,
Monish,M,
Monisha,F,
Moorti,M,
Moti,M,
Motilal,M,
Moubani,F,
Moukthika,F,
Moulik,M,
Mounika,F,
Mounisha,F,
Mousumi,F,
Mridini,F,
Mridu,F,
Mridul,M,
Mridul,M,
Mridula,F,
Mridula,F,
Mrigaa,M,
Mrigaj,M,
Mrigakshi,F,
Mrigalochan,M,
Mriganayani,F,
Mrigank,M,
Mrigankamouli,M,
Mrigankasekhar,M,
Mrigasya,M,
Mrigendra,M,
Mrigesh,M,
Mrinaal,M,
Mrinal,F,
Mrinali,F,
Mrinalika,F,
Mrinalini,F,
Mrinank,M,
Mrinendra,M,
Mrinmayee,F,
Mritsa,F,
Mrittika,F,
Mritunjay,M,
Mruda,F,
Mrudula,F,
Mrunmai,F,
Mruthula,F,
Mudgal,M,
Mudil,M,
Mudit,M,
Mudita,F,
Mudra,F,
Mudrika,F,
Mugdha,F,
Mukesh,M,
Mukta,F,
Mukta,M,
Muktananda,M,
Mukti,F,
Mukul,M,
Mukula,F,
Mukund,M,
Mukunda,F,
Mukunda,M,
Mukut,M,
Mulkraj,M,
Muna,M,
Muneendra,M,
Muni,M,
Munish,M,
Muniya,F,
Muraaree,M,
Murad,M,
Muralee,M,
Murali,M,
Muralidhar,M,
Muralimanohar,M,
Murari,M,
Murarilal,M,
Murgesh,M,
Murli,M,
Murugan,M,
Muskaan,F,
Muskan,F,
Mythili,F,
Mythily,F,
Mythri,F,
Naabhi,M,
Naag,M,
Naag-raaj,M,
Naagarjun,M,
Naagdhar,M,
Naagendra,M,
Naagesh,M,
Naagpal,M,
Naagpati,M,
Naakesh,M,
Naamdev,M,
Naanak,M,
Naaraayan,M,
Naarad,M,
Nabah,F,
Nabanipa,F,
Nabendu,M,
Nabhi,F,
Nabhij,M,
Nabhoj,M,
Nabhomani,M,
Nabhya,M,
Nachik,M,
Nachiket,M,
Nachiketa,M,
Nachni,F,
Nadeen,M,
Nadeesh,M,
Nadia,F,
Nadira,F,
Nadish,M,
Nagalata,F,
Nagashree,F,
Nagdhar,M,
Nagendra,M,
Nagesh,M,
Nageshwaran,M,
Naggar,M,
Nagina,F,
Nagini,F,
Nagpal,M,
Nahush,M,
Naidhrua,F,
Naija,F,
Naimish,Nairit,
Naina,F,
Naina,F,
Naini,F,
Nainika,F,
Naisha,F,
Naishadh,M,
Naishadha,F,
Naitik,M,
Nakhraj,M,
Naksatraraja,M,
Nakshatra,F,
Nakshatra,M,
Nakti,F,
Nakul,M,
Nakula,F,
Nal,M,
Nalesh,M,
Nalika,F,
Nalin,M,
Nalinaksh,M,
Nalini,F,
Nalini,F,
Nalinikant,M,
Naman,M,
Namana,F,
Namasya,F,
Namdev,M,
Nami,F,
Namish,M,
Namit,M,
Namita,F,
Namita,F,
Namrah,F,
Namrata,F,
Namrata,F,
Namuchi,F,
Namya,F,
Nanaki,F,
Nand,M,
Nand-kishore,M,
Nand-nandan,M,
Nanda,F,
Nanda,M,
Nanda,F,
Nandak,M,
Nandakumar,M,
Nandan,M,
Nandana,F,
Nandi,F,
Nandi,M,
Nandika,F,
Nandin,M,
Nandini,F,
Nandini,F,
Nandish,M,
Nandita,F,
Nandita,F,
Nandlaal,M,
Naomi,F,
Naomika,F,
Narad,M,
Narahari,M,
Narasimha,M,
Narayan,M,
Narayana,M,
Narayanan,M,
Narayani,F,
Narendra,M,
Narendranath,M,
Naresh,M,
Narhari,M,
Narmad,M,
Narmada,F,
Narottam,M,
Narsi,M,
Narsimha,M,
Nartan,F,
Nartan,M,
Nartana,M,
Naruna,M,
Natali,F,
Natasha,F,
Natasha,F,
Natesh,M,
Nateshwar,M,
Nathan,M,
Natraj,M,
Natwar,M,
Naubahar,M,
Nauhar,M,
Nauka,M,
Navadurga,F,
Navaj,M,
Naval,M,
Navaneet,M,
Navaneeta,F,
Navashen,M,
Navdeep,F,
Naveen,M,
Naveen,M,
Naveena,F,
Naveenta,F,
Navendu,M,
Navika,F,
Navin,M,
Navinchandra,M,
Navisha,M,
Navistha,F,
Navita,F,
Navjot,M,
Navneet,F,
Navneeta,F,
Navrang,M,
Navratan,M,
Navtej,M,
Navya,F,
Nawal,M,
Nawalkishor,M,
Nawar,M,
Nayakan,M,
Nayan,M,
Nayana,F,
Nayantara,F,
Nayonika,F,
Neeharika,F,
Neel,M,
Neela,F,
Neelabh,M,
Neelabja,F,
Neeladri,M,
Neelaja,F,
Neelakshi,F,
Neelam,F,
Neelam,M,
Neelamani,M,
Neelambar,M,
Neelambuj,M,
Neelanchal,M,
Neelanjan,M,
Neelanjana,F,
Neelesh,M,
Neelgreev,M,
Neelima,F,
Neelisha,F,
Neelja,F,
Neelkamal,M,
Neelkamala,F,
Neelkanth,M,
Neelmadhav,M,
Neelotpal,M,
Neena,F,
Neena,F,
Neepa,F,
Neerad,M,
Neeraf,M,
Neeraj,M,
Neeraja,F,
Neerav,M,
Neeta,F,
Neeti,F,
Neeti,F,
Neha,F,
Neha,F,
Nehal,F,
Nehal,M,
Nehal,F,
Nehan,M,
Neharika,F,
Nesayem,M,
Netra,F,
Netra,F,
Netravati,F,
Nibaal,M,
Nibodh,M,
Nidhi,F,
Nidhi,F,
Nidhipa,F,
Nidhish,M,
Nidra,F,
Nigam,M,
Nihaar,M,
Nihal,M,
Niharika,F,
Niharika,F,
Nihira,F,
Niju,F,
Nikara,F,
Nikash,M,
Niket,M,
Niketan,M,
Nikhil,M,
Nikhil,M,
Nikhilesh,M,
Nikhita,F,
Nikhita,F,
Nikki,F,
Nikki,F,
Nikunj,M,
Nikunja,M,
Nila,F,
Nila,F,
Nilabh,M,
Nilakshi,F,
Nilambari,F,
Nilaruna,F,
Nilasha,F,
Nilashri,F,
Nilay,M,
Nilaya,F,
Nilesh,M,
Nilima,F,
Nilini,F,
Nilshikha,F,
Nima,F,
Nimai,M,
Nimeesha,F,
Nimesh,M,
Nimish,M,
Nimisha,F,
Nimita,F,
Nimmi,F,
Nina,F,
Nina,F,
Ninad,M,
Ninarika,F,
Nipa,F,
Nipeksha,F,
Nipun,M,
Nipun,M,
Nirad,M,
Niradhara,F,
Niraj,M,
Nirajit,M,
Niral,F,
Nirali,F,
Niramay,M,
Niramayee,F,
Niramitra,M,
Niranjan,M,
Niranjana,F,
Nirankar,M,
Nirav,M,
Nirbhay,M,
Nirbhik,M,
Nirdhar,M,
Nirek,M,
Nirijhar,M,
Niriksh,M,
Nirish,M,
Nirja,F,
Nirmal,M,
Nirmala,F,
Nirmala,F,
Nirmay,M,
Nirmayi,F,
Nirmit,M,
Nirmohi,M,
Nirosha,F,
Nirupa,F,
Nirupam,M,
Nirupama,F,
Nirupama,F,
Nirvan,M,
Nirvana,F,
Nirvi,F,
Nisarg,M,
Nish,M,
Nisha,F,
Nisha,F,
Nishad,M,
Nishakant,M,
Nishakar,M,
Nishan,M,
Nishanath,M,
Nishant,M,
Nishar,M,
Nishat,M,
Nishchal,M,
Nishesh,M,
Nishesh,M,
Nishi,F,
Nishi,F,
Nishikaant,M,
Nishikant,M,
Nishikar,M,
Nishil,M,
Nishinath,M,
Nishita,F,
Nishita,F,
Nishith,M,
Nishithini,F,
Nishka,F,
Nishkarsh,M,
Nishma,F,
Nishok,M,
Nishtha,F,
Nishtha,F,
Nissim,M,
Nistha,F,
Nisyaanthan,M,
Nita,F,
Nitara,F,
Niteesh,M,
Nitesh,Nitin,
Nithya,F,
Niti,F,
Niti,F,
Nitika,F,
Nitish,M,
Nitu,F,
Nitya,F,
Nitya,M,
Nitya,F,
Nityagopal,M,
Nityananda,M,
Nityanta,M,
Nityapriya,F,
Nityasri,F,
Nivedh,M,
Nivedita,F,
Niverta,F,
Nivriti,F,
Nivrutti,M,
Niyati,F,
Niyati,F,
Noopur,F,
Noori,F,
Noshi,F,
Nridev,M,
Nrip,M,
Nripendra,M,
Nripesh,M,
Nrupadh,M,
Nupura,F,
Nushi,F,
Nutan,F,
Nutan,F,
Obalesh,M,
Oditi,F,
Ohas,M,
Oindrila,F,
Oja,F,
Ojal,F,
Ojal,M,
Ojal,F,
Ojas,M,
Ojasvi,F,
Ojasvi,F,
Ojaswini,F,
Ojaswini,F,
Ojayit,M,
Om,M,
Oma,F,
Oma,M,
Omaja,F,
Omana,F,
Omanand,M,
Omar,M,
Omarjeet,M,
Omesa,M,
Omesh,M,
Omeshwar,M,
Omisha,F,
Omkar,M,
Omkareshwari,F,
Omkari,F,
Omkarnath,M,
Ompati,M,
Omprakash,M,
Omswaroop,M,
Onella,F,
Oni,F,
Oni,M,
Oojam,M,
Oorja,F,
Oorjit,M,
Orion,M,
Orpita,F,
Oviya,F,
Paandu,M,
Paandurang,M,
Paaninee,M,
Paarbrahm,M,
Paarth,M,
Paarthiv,M,
Paavak,M,
Paavan,M,
Padam,M,
Padimni,F,
Padm,M,
Padma,F,
Padma,F,
Padmabandhu,M,
Padmadhar,M,
Padmagriha,F,
Padmahasta,M,
Padmaj,M,
Padmaja,F,
Padmaja,F,
Padmajai,F,
Padmakali,F,
Padmakant,M,
Padmakar,M,
Padmakshi,F,
Padmal,F,
Padmal,M,
Padmalaya,F,
Padmalochan,M,
Padmalochana,F,
Padmamalini,F,
Padman,M,
Padmanabha,M,
Padmapani,M,
Padmapati,M,
Padmapriya,F,
Padmarekha,F,
Padmashri,F,
Padmavasa,F,
Padmavati,F,
Padmayani,M,
Padmesh,M,
Padmini,F,
Padmini,F,
Padminish,M,
Padnuni,F,
Pahal,F,
Pahal,M,
Pakhi,F,
Pakhi,M,
Paksha,M,
Pakshalika,F,
Pakshi,M,
Palak,F,
Palak,M,
Palak,F,
Palaksi,F,
Palash,M,
Palashranjan,M,
Palin,M,
Pallab,M,
Pallav,M,
Pallavi,F,
Pallavi,F,
Pallavini,F,
Palomi,F,
Pameela,F,
Pamela,F,
Pampa,F,
Panav,M,
Panchaanan,M,
Panchajana,M,
Panchal,M,
Panchali,F,
Panchavaktra,M,
Pandhari,M,
Pandita,M,
Panduranga,M,
Pandya,M,
Panini,F,
Panita,F,
Pankaj,M,
Pankaja,F,
Pankajadharini,F,
Pankajalochana,M,
Pankajan,M,
Pankajeet,M,
Pankhadi,F,
Pankhudi,F,
Pankita,F,
Pankti,F,
Pann-gesh,M,
Panna,F,
Panna,M,
Pannalal,M,
Panshul,M,
Paola,F,
Pappi,F,
Pappi,F,
Pappu,M,
Pappu,M,
Paraag,M,
Paraashar,M,
Parajika,F,
Parakram,M,
Param,M,
Param-hans,M,
Parama,F,
Paramananda,M,
Paramartha,M,
Paramesh,M,
Parameshwar,M,
Parameshwari,F,
Paramita,F,
Paramjeet,M,
Paramjit,M,
Paran,M,
Paranjay,M,
Parantapa,M,
Paras,M,
Parashar,M,
Parashuraam,M,
Parasme,M,
Paratpara,M,
Paravasu,M,
Paravi,F,
Parbarti,F,
Parees,M,
Paresh,M,
Paresha,M,
Pari,F,
Paridhi,F,
Parighosh,M,
Parijat,M,
Pariket,M,
Parikshit,M,
Parimal,M,
Parina,F,
Parindra,M,
Parinita,F,
Parish,M,
Paritosh,M,
Parivita,F,
Pariyat,F,
Parmaarth,M,
Parmeet,M,
Parmesh,M,
Parmila,F,
Parmita,F,
Parnad,M,
Parnakshi,F,
Parnal,F,
Parnal,M,
Parnashri,F,
Parnavi,F,
Parni,F,
Parnik,M,
Parnika,F,
Parnita,F,
Parth,M,
Partha,M,
Parthapratim,M,
Parthasarathi,M,
Parthavi,F,
Parthiv,M,
Parthivi,F,
Parul,F,
Parul,F,
Parvani,F,
Parvani,F,
Parvat,M,
Parvateshwar,M,
Parvati,F,
Parvati,F,
Parvatinandan,M,
Parveen,F,
Parveen,F,
Parvesh,M,
Parvini,F,
Pasha,F,
Pashunath,M,
Pashupati,M,
Pashupriya,F,
Patag,M,
Patakin,M,
Patala,F,
Pathik,M,
Pathin,M,
Patmanjari,F,
Patoj,M,
Patr,M,
Patralekha,F,
Paulmi,F,
Paulomi,F,
Paurav,M,
Pauravi,F,
Pavak,M,
Pavaki,F,
Pavan,M,
Pavana,F,
Pavanaj,M,
Pavani,F,
Pavankumar,M,
Pavansut,M,
Pavi,F,
Pavitra,F,
Pavitra,M,
Pavitra,F,
Pavni,F,
Payal,F,
Payal,F,
Payas,M,
Payod,M,
Payoja,F,
Peetambar,M,
Peeyush,M,
Pehlaj,M,
Pehr,F,
Perumal,M,
Phalak,M,
Phalak,M,
Phalak,F,
Phalgun,M,
Phalgun,M,
Phalguni,F,
Phalguni,F,
Phani,M,
Phani,M,
Phanibhusan,M,
Phaninath,M,
Phaninath,M,
Phanindra,M,
Phanindra,M,
Phanindranath,M,
Phanishwar,M,
Phanishwar,M,
Phiroza,F,
Phoolan,F,
Phoolendu,M,
Phoolendu,M,
Phutika,F,
Pia,F,
Piki,F,
Piki,M,
Pinak,M,
Pinakin,M,
Pinakini,F,
Pinga,F,
Pingal,M,
Pingla,F,
Pitambar,M,
Pival,F,
Pivari,F,
Piyali,F,
Piyali,M,
Piyush,M,
Pooja,F,
Pooja,F,
Poonam,F,
Poonam,F,
Poonam,F,
Poonish,M,
Pooran,M,
Poorbi,F,
Poorna,F,
Poornachandra,M,
Poornakamala,F,
Poornanand,M,
Poornima,F,
Poornima,F,
Poorv,M,
Poorva,F,
Poorvaganga,F,
Poorvaj,M,
Poorvaja,F,
Poorvi,F,
Poudhan,M,
Poushali,F,
Prabal,M,
Prabha,F,
Prabha,F,
Prabhada,F,
Prabhakar,M,
Prabhanjan,M,
Prabhas,M,
Prabhat,M,
Prabhati,F,
Prabhati,F,
Prabhav,M,
Prabhav,M,
Prabhavati,F,
Prabhave,M,
Prabhu,M,
Prabir,M,
Prabodh,M,
Prabodhan,M,
Prabuddha,M,
Pracheeta,F,
Prachet,M,
Pracheta,M,
Prachi,F,
Prachi,F,
Prachur,M,
Pradarsh,M,
Pradeep,M,
Pradeepta,F,
Pradhi,M,
Pradnesh,M,
Pradnya,F,
Pradosh,M,
Pradyot,M,
Pradyumna,M,
Pradyun,M,
Praful,M,
Praful,M,
Prafula,F,
Prafulla,M,
Pragalbha,F,
Pragati,F,
Pragati,F,
Pragdeesh,M,
Pragnay,M,
Pragnya,F,
Pragnya,M,
Pragun,M,
Pragya,F,
Pragyaparamita,F,
Pragyawati,F,
Prahalad,M,
Prahallad,M,
Prahlad,M,
Prajakta,F,
Prajapati,M,
Prajeet,M,
Prajesh,M,
Prajin,M,
Prajit,M,
Prajna,F,
Prajval,M,
Prajvala,M,
Prakalpa,F,
Prakash,M,
Prakat,M,
Praket,M,
Prakhar,M,
Prakhya,F,
Prakrit,M,
Prakriti,F,
Prakriti,F,
Prakul,M,
Pralove,M,
Pralove,M,
Prama,F,
Pramada,F,
Pramath,M,
Pramesh,M,
Pramila,F,
Pramit,M,
Pramiti,F,
Pramod,M,
Pramodan,M,
Pramsu,M,
Pramukh,M,
Pran,M,
Prana,M,
Pranab,M,
Pranad,M,
Pranali,F,
Pranati,F,
Pranauthi,F,
Pranav,M,
Pranav,M,
Pranava,M,
Pranavi,F,
Pranay,M,
Pranaya,F,
Praneel,M,
Praneeth,M,
Pranesh,M,
Pranet,M,
Praney,M,
Pranidhi,F,
Pranit,M,
Pranitha,F,
Pranjal,F,
Pranjal,M,
Pranjali,F,
Pranjivan,M,
Prankit,M,
Prannath,M,
Pranshu,M,
Pransu,M,
Pransukh,M,
Pranvuta,F,
Prapti,F,
Prarthana,F,
Prasad,M,
Prasanna,M,
Prasata,M,
Prasenjit,M,
Prasham,M,
Prashansa,F,
Prashansa,M,
Prashant,M,
Prashanthi,F,
Prashanti,F,
Prasheetha,F,
Prasheila,F,
Prashray,M,
Prasoon,M,
Prasuk,M,
Pratap,M,
Prateeksha,F,
Prateeksha,F,
Prateep,M,
Prateesh,M,
Prateet,M,
Pratham,M,
Prathamesh,M,
Pratibha,F,
Pratibha,F,
Pratichi,F,
Pratigya,F,
Pratik,M,
Pratika,F,
Pratiksha,F,
Pratima,F,
Pratima,F,
Pratishtha,F,
Pratishtha,F,
Pratitha,F,
Pratiti,F,
Pratosh,M,
Pratul,M,
Pratyaksha,F,
Pratyasha,F,
Pratyush,M,
Pratyusha,F,
Pravan,M,
Pravar,M,
Praveen,M,
Praveena,F,
Praveer,M,
Pravin,M,
Pravir,M,
Pravit,M,
Prayaag,M,
Prayan,M,
Prayuta,F,
Preet,F,
Preetam,M,
Preetha,F,
Preeti,F,
Preeti,F,
Preetidutt,M,
Preetish,M,
Preetiwardhan,M,
Prem,M,
Prem,M,
Prem,F,
Prema,F,
Prema,F,
Premal,M,
Premanand,M,
Premendra,M,
Premila,F,
Prerana,F,
Prerit,M,
Prerita,F,
Prerna,F,
Preshti,F,
Prestha,F,
Pretvan,M,
Preyasi,F,
Preyasi,F,
Prianka,F,
Pribhakta,M,
Prina,F,
Prina,M,
Prinaka,F,
Prineet,M,
Prinita,M,
Prisha,F,
Prita,F,
Prital,F,
Pritam,M,
Pritesh,M,
Pritha,F,
Prithika,F,
Prithish,M,
Prithu,M,
Prithuloma,F,
Prithvee,M,
Prithvi,M,
Prithviraj,M,
Priti,F,
Priti,F,
Pritika,F,
Pritikana,F,
Pritilata,F,
Pritish,M,
Privrata,M,
Priya,F,
Priya,F,
Priyaank,M,
Priyadarshan,M,
Priyadarshi,M,
Priyadarshini,F,
Priyadutta,F,
Priyaka,M,
Priyal,F,
Priyal,M,
Priyala,F,
Priyam,F,
Priyam,F,
Priyamvada,F,
Priyanesh,M,
Priyanka,F,
Priyanka,F,
Priyanshu,M,
Priyanvad,M,
Priyanvada,F,
Priyaranjan,M,
Priyasha,F,
Priyesh,M,
Prutha,F,
Pruthivi,M,
Puja,F,
Puja,F,
Pujan,M,
Puji,F,
Pujita,F,
Pujya,F,
Pukhraj,M,
Pulak,F,
Pulak,M,
Pulakesh,M,
Pulakita,F,
Pulin,M,
Pulkit,M,
Puloma,F,
Punam,F,
Punarnava,F,
Punarvi,F,
Pundalik,M,
Pundari,F,
Puneet,M,
Punit,M,
Punita,F,
Punita,F,
Punthali,F,
Punya,F,
Purahan,M,
Purajit,M,
Purala,F,
Puran,M,
Purandar,M,
Purandhri,F,
Puranjay,M,
Purav,M,
Purnanada,M,
Purnendu,M,
Purnima,F,
Purnima,F,
Purohit,M,
Purshottam,M,
Puru,M,
Purujit,M,
Purumitra,M,
Pururava,M,
Purushottam,M,
Purva,F,
Purva,F,
Purvaja,F,
Purvaja,F,
Purvi,F,
Pusan,M,
Pusha,F,
Pushkal,M,
Pushkar,M,
Pushp,M,
Pushp,F,
Pushp-mitra,M,
Pushpa,F,
Pushpad,M,
Pushpagandha,F,
Pushpaj,M,
Pushpak,M,
Pushpakar,M,
Pushpaketu,M,
Pushpalata,F,
Pushpanjali,F,
Pushpavathi,F,
Pushpendra,M,
Pushpesh,M,
Pushpita,F,
Puskara,M,
Pusti,F,
Putana,F,
Putul,F,
Pyarelal,M,
Pyaremohan,M,
Raahi,M,
Raajaa,M,
Raajeev,M,
Raajeevalochan,M,
Raajyashree,M,
Raaka,F,
Raakaa,M,
Raakesh,M,
Raakhi,F,
Raakhi,F,
Raam,M,
Raamaanuj,M,
Raamdatt,M,
Raashi,F,
Rabhya,F,
Rabia,F,
Rachana,F,
Rachana,F,
Rachika,F,
Rachit,M,
Rachita,F,
Rachna,F,
Radha,F,
Radha,F,
Radhakanta,M,
Radhakrishna,M,
Radhavallabh,M,
Radhesh,M,
Radheshyam,M,
Radheya,M,
Radhika,F,
Radhika,F,
Radhiyaa,M,
Raga,F,
Raghav,M,
Raghav,M,
Raghavendra,M,
Raghbir,M,
Raghu,M,
Raghukumara,M,
Raghunandan,M,
Raghunath,M,
Raghupati,M,
Raghuvir,M,
Ragi,F,
Ragin,M,
Ragini,F,
Ragini,F,
Rahas,M,
Rahela,F,
Rahul,M,
Raima,F,
Raivata,M,
Raj,M,
Raja,F,
Raja,M,
Rajalakshmi,F,
Rajan,M,
Rajaneesh,M,
Rajani,M,
Rajani,F,
Rajanigandha,F,
Rajanikant,M,
Rajas,M,
Rajashri,F,
Rajasi,F,
Rajat,M,
Rajata,F,
Rajata,M,
Rajatanabhi,M,
Rajatshubhra,M,
Rajdeep,M,
Rajdulari,F,
Rajeev,M,
Rajeevalochana,M,
Rajendra,M,
Rajendrakumar,M,
Rajendramohan,M,
Rajesh,M,
Rajeshri,F,
Rajeshvari,F,
Rajeshwari,F,
Rajhans,M,
Rajhansa,F,
Raji,F,
Raji,F,
Rajika,F,
Rajini,F,
Rajinipati,M,
Rajit,M,
Rajiv,M,
Rajkumar,M,
Rajkumari,F,
Rajkumari,F,
Rajnandini,F,
Rajni,F,
Rajnish,M,
Rajrishi,M,
Rajshri,F,
Raju,M,
Rajul,F,
Rajul,M,
Rajvi,F,
Rajyeshwar,M,
Raka,F,
Rakesh,M,
Rakhi,F,
Rakhi,F,
Raksha,F,
Raksha,F,
Rakshan,M,
Rakshasamardini,F,
Rakshita,F,
Raktakamal,M,
Rakti,F,
Ram,M,
Rama,F,
Ramadeep,M,
Ramadhuta,M,
Ramakaant,M,
Ramakanta,M,
Ramakrishna,M,
Raman,M,
Ramanand,M,
Ramani,F,
Ramanjit,M,
Ramanuj,M,
Ramanuja,M,
Ramashray,M,
Ramavatar,M,
Rambha,F,
Ramchandra,M,
Ramdas,M,
Ramesh,M,
Rameshwar,M,
Rameshwari,F,
Ramgopal,M,
Ramini,F,
Ramita,F,
Ramita,F,
Ramkishore,M,
Ramkrishna,M,
Ramkumar,M,
Rammohan,M,
Ramnath,M,
Ramoji,M,
Ramola,F,
Ramona,F,
Ramprasad,M,
Rampratap,M,
Ramra,F,
Ramra,M,
Ramratan,M,
Ramswaroop,M,
Ramya,F,
Ramya,F,
Rana,M,
Ranadeva,M,
Ranajay,M,
Ranajit,M,
Ranak,M,
Rand,M,
Randhir,M,
Ranesh,M,
Rangana,F,
Rangana,M,
Ranganath,M,
Rangat,F,
Ranhita,F,
Rani,F,
Rani,F,
Ranil,M,
Ranita,F,
Ranita,F,
Ranjan,M,
Ranjana,F,
Ranjana,F,
Ranjay,M,
Ranjini,F,
Ranjini,F,
Ranjit,M,
Ranjita,F,
Ranjiv,M,
Ranjudeep,F,
Rantidev,M,
Ranveer,M,
Ranveer,M,
Ranya,F,
Ras,M,
Rasaraj,M,
Rasbihari,M,
Rasesh,M,
Rashi,F,
Rashi,F,
Rashmi,F,
Rashmi,M,
Rashmi,F,
Rashmika,F,
Rasik,M,
Rasika,F,
Rasmaru,M,
Rasna,F,
Rasna,M,
Ratan,M,
Ratanjali,F,
Ratannabha,M,
Ratash,M,
Ratchika,F,
Rathin,M,
Rati,F,
Ratinderpal,M,
Ratish,M,
Ratna,F,
Ratna,F,
Ratnabala,F,
Ratnabali,F,
Ratnabhu,M,
Ratnajyoti,F,
Ratnakar,M,
Ratnalekha,F,
Ratnali,F,
Ratnamala,F,
Ratnangi,F,
Ratnanidhi,M,
Ratnaprabha,F,
Ratnapriya,F,
Ratnavali,F,
Ratnesh,M,
RatriNight,F,
Ratul,M,
Raunak,M,
Ravalnath,M,
Raveena,F,
Raveendra,M,
Raven,M,
Ravi,M,
Ravikanth,M,
Ravikeerti,M,
Ravikiran,M,
Ravinandan,M,
Ravindra,M,
Ravindranath,M,
Ravinshu,M,
Raviprabha,F,
Ravish,M,
Ravisharan,M,
Ravishu,M,
Ravit,M,
Ray,M,
Raya,F,
Rayirth,M,
Rea,F,
Rebanta,M,
Rebha,F,
Reema,F,
Reena,F,
Rekha,F,
Rekha,F,
Reman,F,
Rena,F,
Renaud,M,
Reneeka,F,
Renesh,M,
Renit,M,
Renu,F,
Renu,F,
Renuka,F,
Renuka,F,
Resham,F,
Resham,M,
Reshika,F,
Reshma,F,
Reshmi,F,
Reshmi,F,
Reva,F,
Reva,F,
Revanth,M,
Revathi,F,
Revati,F,
Rewa,F,
Rewa,F,
Reyaansh,M,
Rhea,F,
Rhea,F,
Rheeya,F,
Rhia,F,
Ria,F,
Ria,F,
Richa,F,
Richa,F,
Richan,M,
Richitha,F,
Riddhi,F,
Riddhi,F,
Riddhiman,M,
Ridhima,F,
Ridit,M,
Rigved,M,
Riju,M,
Riju/,Rijul,
Rijul,M,
Rijuta,F,
Rikin,M,
Rima,F,
Rimon,M,
Rina,F,
Ripu,M,
Ripudaman,M,
Risha,F,
Rishaan,M,
Rishab,M,
Rishab,M,
Rishabh,M,
Rishi,M,
Rishik,M,
Rishika,F,
Rishika,F,
Rishikesh,M,
Rishima,F,
Rishima,F,
Rishit,M,
Rishita,F,
Rishita,F,
Rishma,F,
Rishmitha,F,
Rishvanjas,M,
Rita,F,
Ritesh,M,
Rithik,M,
Rithika,F,
Riti,F,
Riti,M,
Ritika,F,
Ritika,F,
Ritisha,F,
Ritsika,F,
Ritu,F,
Ritu,F,
Ritul,M,
Rituparna,F,
Rituraaj,M,
Ritvik,M,
Ritwik,M,
Rivan,M,
Riya,F,
Riya,F,
Rochak,M,
Rochan,M,
Rochi,F,
Rohak,M,
Rohan,M,
Rohan,M,
Rohana,F,
Rohanlal,M,
Rohin,F,
Rohin,M,
Rohini,F,
Rohini,F,
Rohiniraman,M,
Rohinish,M,
Rohit,M,
Rohita,F,
Rohita,F,
Rohitasva,M,
Rohtak,M,
Roma,F,
Roma,F,
Romila,F,
Romila,M,
Romila,F,
Romir,M,
Ronak,M,
Ronav,M,
Ronit,M,
Ronsher,M,
Roop,F,
Roopa,F,
Roopa,F,
Roopak,M,
Roopali,F,
Roopesh,M,
Roopini,F,
Roopma,F,
Roshan,M,
Roshan,M,
Roshana,F,
Roshna,F,
Roshni,F,
Roshni,F,
Rosy,F,
Rubaina,F,
Rucha,F,
Rucha,F,
Ruchi,F,
Ruchi,F,
Ruchika,F,
Ruchir,M,
Ruchira,F,
Ruchira,F,
Ruchita,F,
Ruchita,F,
Rudr,M,
Rudra,F,
Rudra,M,
Rudrabhiravi,F,
Rudrakali,F,
Rudrani,F,
Rudrapriya,F,
Rudrapriya,M,
Rugu,F,
Ruhan,M,
Ruhani,F,
Ruhi,F,
Ruhi,F,
Ruhin,F,
Rujul,M,
Rujula,F,
Rujuta,F,
Rukhmini,F,
Rukm,M,
Rukma,F,
Rukminesh,M,
Rukmini,F,
Rukmini,F,
Ruma,F,
Rupa,F,
Rupa,F,
Rupak,M,
Rupakshi,F,
Rupal,F,
Rupal,F,
Rupali,F,
Rupali,F,
Rupam,F,
Rupang,M,
Rupashi,F,
Rupashri,F,
Rupasi,F,
Rupendra,M,
Rupesh,M,
Rupeshwar,M,
Rupeshwari,F,
Rupi,F,
Rupika,F,
Rupika,F,
Rupin,M,
Rushabh,M,
Rusham,F,
Rusham,M,
Rushang,M,
Rushda,F,
Rusheek,M,
Rushil,M,
Rustam,M,
Rutajit,M,
Rutajit,M,
Rutesh,M,
Ruth,F,
Rutva,F,
Rutva,M,
Rutvij,M,
Rwiju,M,
Saachi,F,
Saagar,M,
Saagar,M,
Saakaar,M,
Saanjh,F,
Saanjh,M,
Saanvi,F,
Saaras,M,
Saatatya,M,
Saatvik,M,
Saatvika,F,
Sabal,M,
Sabeena,F,
Sabhya,M,
Sabita,F,
Sabrang,F,
Sabrang,M,
Sabri,F,
Sabyasachi,M,
Sacchidananda,M,
Sachchit,M,
Sachet,M,
Sachetan,M,
Sachh,M,
Sachi,F,
Sachin,M,
Sachin,M,
Sachish,M,
Sachit,M,
Sachita,F,
Sachiv,M,
Sadabhuja,F,
Sadabindu,M,
Sadanand,M,
Sadar,M,
Sadashiv,M,
Sadashiva,M,
Sadavir,M,
Sadeepan,M,
Sadgun,M,
Sadhan,M,
Sadhana,F,
Sadhana,F,
Sadhika,F,
Sadhika,F,
Sadhil,M,
Sadhna,F,
Sadhvi,F,
Sadiva,M,
Sadru,M,
Saee,F,
Saesha,F,
Safal,M,
Saffar,M,
Sagan,M,
Sagar,M,
Sagardutt,M,
Sagari,F,
Sagarika,F,
Sagarika,F,
Sagun,F,
Sagun,M,
Saguna,F,
Saguna,M,
Sahadev,M,
Sahaj,M,
Sahana,F,
Sahar,M,
Sahara,M,
Saharsh,M,
Sahas,M,
Sahasra,F,
Sahasrad,M,
Sahastrabahu,M,
Sahastrajit,M,
Sahasya,M,
Sahat,M,
Sahaya,M,
Saheli,F,
Sahen,M,
Sahib,M,
Sahiba,F,
Sahil,M,
Sahil,M,
Sahila,F,
Sahima,F,
Sahira,F,
Sahishnu,M,
Sahitya,F,
Sahoj,F,
Sai,F,
Sai,M,
Sai,Satpurusha,
SaiAmartya,M,
Saicharan,M,
SaiDeep,M,
SaiJayani,F,
SaiJeevadhara,M,
SaiKalakala,M,
SaiKalateeta,M,
Saikiran,M,
Sailadev,M,
Sainath,M,
Saiprasad,M,
Saipratap,M,
Sajal,M,
Sajala,F,
Sajan,M,
Sajani,F,
Sajel,M,
Sajili,F,
Sajiv,M,
Sajiva,M,
Sajjan,M,
Sajni,F,
Saju,M,
Sakaleshwar,M,
Sakash,M,
Saket,M,
Saketha,F,
Saketharaman,M,
Sakhi,F,
Sakhi,F,
Saksham,M,
Saksham,M,
Sakshi,F,
Sakshi,F,
Sakshum,M,
Salaj,M,
Salarjung,M,
Salil,M,
Salila,F,
Salokh,M,
Saloni,F,
Saloni,F,
Sama,F,
Samaah,M,
Samabashiv,M,
Samaj,M,
Samajas,M,
Samaksh,M,
Samali,F,
Saman,M,
Samanmitha,F,
Samantha,F,
Samanyu,M,
Samar,M,
Samar,M,
Samarendra,M,
Samarendu,M,
Samarjit,M,
Samarpan,M,
Samarth,M,
Samarth,M,
Samarth,M,
Samata,F,
Samavart,M,
Sambaran,M,
Sambha,M,
Sambhav,M,
Sambit,M,
Sambodh,M,
Sambuddha,M,
Samdarshi,M,
Sameena,F,
Sameep,M,
Sameer,M,
Sameera,F,
Samen,M,
Samendu,M,
Samesh,M,
Samhita,F,
Samhita,M,
Sami,M,
Samidha,F,
Samik,M,
Samiksha,F,
Samin,M,
Samir,M,
Samita,F,
Samividhan,M,
Samiya,F,
Sammad,M,
Sampada,F,
Sampada,M,
Sampath,M,
Sampatti,F,
Sampoorn,M,
Sampriti,F,
Samranpal,M,
Samrat,M,
Samreen,F,
Samriddhi,F,
Samrta,F,
Samruddhi,F,
Samrudh,M,
Samskar,M,
Samskara,F,
Samskara,M,
Samudra,M,
Samudragupta,M,
Samudrasen,M,
Samvar,M,
Samvidha,F,
Samvrita,F,
Samyak,M,
Samyuktha,F,
Sana,F,
Sanaatan,M,
Sananda,F,
Sanat,M,
Sanatana,M,
Sanatani,F,
Sanavi,F,
Sanchali,F,
Sanchay,M,
Sanchaya,F,
Sanchaya,F,
Sanchit,M,
Sanchita,F,
Sanchita,F,
Sandeep,M,
Sandeep,M,
Sandeepen,M,
Sandesh,M,
Sandhra,F,
Sandhya,F,
Sandhya,F,
Sanemi,F,
Sangeeta,F,
Sanghavi,F,
Sangita,F,
Sangya,F,
Sanhata,M,
Sani,F,
Sanika,F,
Saniya,F,
Saniya,F,
Sanjana,F,
Sanjana,F,
Sanjay,M,
Sanjay,M,
Sanjaya,F,
Sanjeev,M,
Sanjit,M,
Sanjita,F,
Sanjiv,M,
Sanjivan,M,
Sanjivani,F,
Sanjna,F,
Sanjog,M,
Sanjukta,F,
Sanjukta,F,
Sanjula,F,
Sanjushree,F,
Sankalp,M,
Sankara,M,
Sankarshan,M,
Sanket,M,
Sankul,F,
Sankul,M,
Sannath,M,
Sannibh,M,
Sannidhi,F,
Sannidhi,M,
Sannigdh,M,
Sanobar,F,
Sanobar,M,
Sanoja,F,
Sanshray,M,
Sansita,F,
Sanskar,M,
Sanskriti,F,
Sanskriti,F,
Santan,M,
Santati,F,
Santosh,F,
Santosh,M,
Santosh,F,
Santoshi,F,
Santushti,F,
Sanurag,M,
Sanvali,F,
Sanvi,F,
Sanwariya,M,
Sanyog,M,
Sanyogita,F,
Sanyukta,F,
Sanyukta,F,
Sapan,M,
Sapan,F,
Saparna,F,
Saparna,F,
Saphala,F,
Sapna,F,
Sapna,F,
Saprathas,M,
Saptajit,M,
Saptanshu,M,
Saptarishi,M,
Sara,F,
Sara,F,
Sarada,F,
Sarakshi,F,
Sarakshi,F,
Saral,M,
Sarala,F,
Sarala,F,
Sarama,F,
Sarana,M,
Sarang,M,
Saransh,M,
Saranya,F,
Saras,M,
Sarasa,F,
Sarasi,F,
Sarasi,M,
Sarasija,M,
Sarasvat,M,
Saraswati,F,
Sarat,M,
Sarathy,M,
Saravana,M,
Saravati,F,
Sarayu,F,
Sarayu,M,
Sarbajit,M,
Sarbani,F,
Sarbani,M,
Sargam,M,
Sargini,F,
Sarika,F,
Sarika,F,
Sarin,M,
Sarish,M,
Sarisha,F,
Sarit,M,
Sarita,F,
Sarita,F,
Sarjana,F,
Sarjena,F,
Sarla,F,
Sarla,F,
Sarngin,M,
Saroj,F,
Saroja,F,
Saroja,F,
Sarojin,M,
Sarojini,F,
Sartaj,M,
Sarthak,M,
Saruchi,F,
Sarup,M,
Sarupa,F,
Saruprani,F,
Sarva,M,
Sarvad,M,
Sarvadaman,M,
Sarvadev,M,
Sarvadharin,M,
Sarvag,M,
Sarvagjna,F,
Sarvagny,M,
Sarvajina,F,
Sarvak,M,
Sarvambh,M,
Sarvan,M,
Sarvang,M,
Sarvani,F,
Sarvapalaka,M,
Sarvashay,M,
Sarvavas,M,
Sarvendra,M,
Sarvesh,M,
Sarveshvara,M,
Sarvika,F,
Sarwar,M,
Sashang,M,
Sashanth,M,
Sashi,F,
Sashmita,F,
Sashreek,M,
Sashriti,M,
Sashwat,M,
Sasi,M,
Sasidhar,M,
Sasmit,M,
Sasta,M,
Sasthi,F,
Satadev,M,
Satamanyu,M,
Satanand,M,
Satayu,M,
Sateendra,M,
Satesh,M,
Satha,F,
Sathi,M,
Sathindar,M,
Sati,F,
Sati,F,
Satin,M,
Satinath,M,
Satindra,M,
Satish,M,
Satishchandra,M,
Satkartar,M,
Satpal,M,
Satpati,M,
Satrajit,M,
Satruijt,M,
Sattviki,F,
Satvamohan,M,
Satvari,F,
Satvat,M,
Satveer,M,
Satvi,F,
Satvik,M,
Satvika,F,
Satviki,F,
Satvinder,M,
Satya,F,
Satya,M,
Satya,F,
Satyadarshi,M,
Satyadev,M,
Satyajit,M,
Satyak,M,
Satyakaam,M,
Satyaki,F,
Satyaki,M,
Satyam,M,
Satyamurty,M,
Satyanarayan,M,
Satyankar,M,
Satyaprakash,M,
Satyapriya,M,
Satyarupa,F,
Satyasheel,M,
Satyashrawaa,M,
Satyavaan,M,
Satyavache,M,
Satyavati,F,
Satyavrat,M,
Satyen,M,
Satyendra,M,
Saubal,M,
Saubhadra,M,
Saudamini,F,
Saudeep,M,
Saumit,M,
Saumitr,M,
Saumitra,M,
Saumya,M,
Saumyaa,F,
Saumyi,F,
Saunak,M,
Saundarya,F,
Saura,F,
Saurabh,M,
Saurav,M,
Saurav,M,
Sauravi,F,
Saurjyesh,M,
Sava,M,
Savar,M,
Savarna,F,
Savi,F,
Savidharani,F,
Savir,M,
Savit,M,
Savita,F,
Savita,F,
Savitashri,F,
Savitashri,M,
Savitendra,M,
Savitha,F,
Savitri,F,
Savya,M,
Savyasachi,M,
Sawan,M,
Sayali,F,
Sayantika,F,
Sayona,F,
Sayuri,F,
Seema,F,
Seema,F,
Seemanta,M,
Seemanti,F,
Seemantini,F,
Sejal,F,
Sejal,F,
Sekhar,M,
Selma,F,
Selva,M,
Semanti,F,
Sena,M,
Senajit,M,
Senthil,M,
Serena,F,
Sesha,F,
Seshadri,M,
Setu,F,
Setu,M,
Seva,F,
Seva,M,
Sevak,M,
sevanthika,F,
Sevati,F,
Sevita,F,
Shaan,M,
Shaandilya,M,
Shaant,M,
Shaarav,M,
Shaardul,M,
Shaashwat,M,
Shabar,M,
Shabari,F,
Shabnam,F,
Shachi,F,
Shadab,M,
Shagun,F,
Shagun,M,
Shahalad,M,
Shail,M,
Shaila,F,
Shaila,F,
Shailaja,F,
Shailasha,F,
Shaildhar,M,
Shailen,M,
Shailendra,M,
Shailesh,M,
Shaili,F,
Shaili,F,
Shailja,F,
Shaivi,F,
Shakambari,F,
Shakeela,F,
Shakini,F,
Shakti,F,
Shakti,M,
Shakti,F,
Shaktidhar,M,
Shakuni,M,
Shakunt,M,
Shakuntala,F,
Shakyasinha,M,
Shalabh,M,
Shalaka,F,
Shalalu,F,
Shalang,M,
Shaligram,M,
Shalik,M,
Shalika,F,
Shalin,M,
Shalina,M,
Shalini,F,
Shalini,F,
Shalmali,F,
Shalmali,M,
Shalya,M,
Shama,F,
Shamak,M,
Shamakarn,M,
Shambari,F,
Shambhavi,F,
Shambhavi,M,
Shambhavi,F,
Shambhu,M,
Shambhukanta,F,
Shameek,M,
Shameena,F,
Shami,M,
Shamik,M,
Shamim,F,
Shamindra,M,
Shamita,F,
Shamita,M,
Shamita,F,
Shampa,F,
Shams,M,
Shanay,M,
Shandar,M,
Shankar,M,
Shankari,F,
Shankarshan,M,
Shankdhar,M,
Shankh,M,
Shankhamala,F,
Shankhapani,M,
Shankhi,M,
Shankhin,M,
Shankir,M,
Shanmukha,M,
Shansa,F,
Shansa,M,
Shanta,F,
Shantala,F,
Shantan,M,
Shantanav,M,
Shantanu,M,
Shantashil,M,
Shanthini,F,
Shanti,F,
Shantidev,M,
Shantimay,M,
Shantinath,M,
Shantiprakash,M,
Shanvi,F,
Shanyu,M,
Sharad,M,
Sharad,M,
Sharada,F,
Sharada,F,
Sharadchandra,M,
Sharadendu,M,
Sharadini,F,
Sharan,M,
Sharang,M,
Sharani,F,
Sharanya,F,
Sharat,M,
Sharaya,F,
Sharda,F,
Shardambha,F,
Shardul,M,
Shari,F,
Shari,M,
Sharika,F,
Sharini,F,
Sharma,M,
Sharma,M,
Sharma,M,
Sharma,M,
Sharma,M,
Sharma,M,
Sharma,M,
Sharma,M,
Sharma,M,
Sharma,M,
Sharma,M,
Sharmadha,F,
Sharmila,F,
Sharmistha,F,
Sharu,M,
Sharvani,F,
Sharvari,F,
Sharvarish,M,
Shasha,F,
Shashank,M,
Shashank,M,
Shashee,M,
Shashi,F,
Shashi,M,
Shashi,F,
Shashibala,F,
Shashibhushan,M,
Shashidhar,M,
Shashikala,F,
Shashikant,M,
Shashikar,M,
Shashikiran,M,
Shashimohan,M,
Shashin,M,
Shashini,F,
Shashiprabha,F,
Shashipushpa,M,
Shashirekha,F,
Shashish,M,
Shashishekhar,M,
Shashvata,M,
Shashwat,M,
Shaswati,F,
Shat-manyu,M,
Shat-padm,M,
Shataaneek,M,
Shataayu,M,
Shatadru,M,
Shatakshi,F,
Shatarupa,M,
Shatjit,M,
Shatrughan,M,
Shatrughna,M,
Shatrujit,M,
Shatrunjay,M,
Shattesh,M,
Shauchin,M,
Shauna,M,
Shaunak,M,
Shaurav,M,
Shauri,M,
Shaurya,M,
Shaurya,M,
Shay,M,
Shaylan,M,
Shayna,F,
Sheehan,M,
Sheela,F,
Sheela,F,
Sheen,F,
Sheetal,F,
Sheetal,F,
Shefali,F,
Shefali,F,
Shefalika,F,
Sheil,M,
Shejali,F,
Shejali,F,
Shekhar,M,
Shemyukta,F,
Sheoli,F,
Shesanand,M,
Shesh,M,
Sheshdhar,M,
Shevalini,F,
Shevanti,F,
Shevantilal,M,
Shibani,F,
Shibani,F,
Shibhya,M,
Shichi,F,
Shighra,M,
Shikha,F,
Shikha,F,
Shikhandin,M,
Shikhar,M,
Shiksha,F,
Shila,F,
Shilang,M,
Shilavatia,F,
Shilendra,M,
Shilish,M,
Shilna,F,
Shilpa,F,
Shilpa,F,
Shilpi,F,
Shilpika,F,
Shilpita,F,
Shilpita,F,
Shina,F,
Shineyu,M,
Shinjan,M,
Shinjini,F,
Shipirist,M,
Shipra,F,
Shipra,F,
Shirdi,Prasad,
Shirina,F,
Shirish,M,
Shirom,M,
Shiromani,M,
Shishir,M,
Shishirchandra,M,
Shishirkana,F,
Shishirkana,M,
Shishirkumar,M,
Shishul,M,
Shishupal,M,
Shitikanth,M,
Shitiz,M,
Shiuli,F,
Shiv,M,
Shivadev,M,
Shivakanta,F,
Shivali,F,
Shivam,M,
Shivam,M,
Shivanand,M,
Shivanath,M,
Shivangi,F,
Shivangi,F,
Shivani,F,
Shivani,F,
Shivanjali,F,
Shivank,M,
Shivansh,M,
Shivanshi,F,
Shivapriya,F,
Shivas,M,
Shivasundari,F,
Shivasunu,M,
Shiven,M,
Shivendra,M,
Shivendu,M,
Shivesh,M,
Shiveshvar,M,
Shivi,F,
Shivika,F,
Shivika,F,
Shivkumar,M,
Shivlal,M,
Shivli,F,
Shivraj,M,
Shivram,M,
Shivshankar,M,
Shivshekhar,M,
Shlesh,M,
Shlesha,F,
Shlok,M,
Shloka,F,
Shobha,F,
Shobha,F,
Shobhan,M,
Shobhana,F,
Shobhana,F,
Shobhita,F,
Shobhita,F,
Shomili,F,
Shona,F,
Shoni,F,
Shonima,F,
Shoor,M,
Shoora,M,
Shoorsen,M,
Shorashi,F,
Shoubhit,M,
Shraddha,F,
Shraddha,F,
Shrankhla,F,
Shraunak,M,
Shraunak,M,
Shravan,M,
Shravan,M,
Shravana,M,
Shravana,M,
Shravani,F,
Shravani,F,
Shravankumar,M,
Shravankumar,M,
Shravanthi,F,
Shravasti,F,
Shravya,F,
Shray,M,
Shray,M,
Shraya,F,
Shree,F,
Shree,M,
Shree,M,
Shreedhar,M,
Shreedhar,M,
Shreeharsh,M,
Shreeharsh,M,
Shreekant,M,
Shreekant,M,
Shreekrishna,M,
Shreekrishna,M,
Shreekumar,M,
Shreekumar,M,
Shreela,F,
Shreema,F,
Shreeman,M,
Shreeman,M,
Shreemayi,F,
Shreeparna,F,
Shreeprada,F,
Shreepriya,M,
Shreepriya,M,
Shreepushp,M,
Shreepushp,M,
Shreerang,M,
Shreerang,M,
Shreesh,M,
Shreesh,M,
Shreevallabh,M,
Shreevallabh,M,
Shreeya,F,
Shrejal,F,
Shrena,F,
Shrenik,M,
Shrenik,M,
Shreshta,M,
Shreshta,M,
Shresta,F,
Shresth,F,
Shresth,M,
Shresth,M,
Shresthi,F,
Shresthi,M,
Shresthi,M,
Shresthi,F,
Shrey,M,
Shrey,M,
Shreya,F,
Shreya,F,
Shreyank,M,
Shreyank,M,
Shreyansh,M,
Shreyansh,M,
Shreyas,M,
Shreyas,M,
Shreyash,M,
Shreyash,M,
Shreyashi,F,
Shreyashi,F,
Shreyovardhana,M,
Shreyovardhana,M,
Shreyovi,F,
Shri,F,
Shri,F,
Shrida,M,
Shrida,M,
Shridevi,F,
Shridevi,F,
Shridhar,M,
Shridhar,M,
Shridula,F,
Shrigauri,F,
Shrigeeta,F,
Shrigopal,M,
Shrigopal,M,
Shrihan,M,
Shrihan,M,
Shrihari,M,
Shrihari,M,
Shrijani,F,
Shrijani,F,
Shrika,F,
Shrikala,F,
Shrikama,F,
Shrikant,M,
Shrikant,M,
Shrikar,M,
Shrikar,M,
Shrikeshav,M,
Shrikeshav,M,
Shrikirti,F,
Shrikrishna,M,
Shrikrishna,M,
shrikumar,M,
Shrikumar,M,
Shrikumar,M,
Shrikumari,F,
Shrila,F,
Shrilata,F,
Shrilaxmi,F,
Shrilekha,F,
Shrimat,M,
Shrimat,M,
Shrimate,M,
Shrimate,M,
Shrimati,F,
Shrimayi,F,
Shrimohan,M,
Shrimohan,M,
Shrina,F,
Shrinand,M,
Shrinand,M,
Shrinath,M,
Shrinath,M,
Shringesh,M,
Shringesh,M,
Shriniketan,M,
Shriniketan,M,
Shrinitha,F,
Shrinivas,M,
Shrinivas,M,
Shripad,M,
Shripad,M,
Shripadma,M,
Shripadma,M,
Shripal,M,
Shripal,M,
Shripati,M,
Shripati,M,
Shriram,M,
Shriram,M,
Shriranga,M,
Shriranga,M,
Shriranjan,M,
Shriranjan,M,
Shrish,M,
Shrish,M,
Shrisha,M,
Shrisha,M,
Shristi,F,
Shrivalli,F,
Shrivarah,M,
Shrivarah,M,
Shrivardhan,M,
Shrivardhan,M,
Shrivas,M,
Shrivas,M,
Shrivatsa,M,
Shrivatsa,M,
Shrivatsav,M,
Shrivatsav,M,
Shrividya,F,
Shriya,F,
Shriyadita,F,
Shriyadita,M,
Shriyadita,M,
Shriyans,M,
Shriyans,M,
Shrot,M,
Shrot,M,
Shrujana,F,
Shrujeshwari,F,
Shruta,F,
Shrutakeerti,M,
Shrutakeerti,M,
Shrutaly,F,
Shruthi,F,
Shruthika,F,
Shruti,F,
Shruti,F,
Shrutik,M,
Shrutik,M,
Shrutika,F,
Shrutuja,F,
Shubendra,M,
Shubendra,M,
Shubh,M,
Shubh,M,
Shubha,F,
Shubhada,F,
Shubhaksh,M,
Shubhaksh,M,
Shubhan,M,
Shubhan,M,
Shubhang,M,
Shubhang,M,
Shubhangi,F,
Shubhangi,F,
Shubhankar,M,
Shubhankar,M,
Shubhashis,M,
Shubhashis,M,
Shubhasunad,M,
Shubhasunad,M,
Shubhay,M,
Shubhay,M,
Shubhendu,M,
Shubhendu,M,
Shubhi,F,
Shubhojit,M,
Shubhojit,M,
Shubhra,F,
Shubhra,F,
Shubhranshu,M,
Shubhranshu,M,
Shubhratho,M,
Shubhratho,M,
Shuchi,F,
Shuchi,F,
Shuchismita,F,
Shuchita,F,
Shuchita,F,
Shuddhashil,M,
Shuddhashil,M,
Shuddhi,F,
Shuk,M,
Shuk,M,
Shukla,F,
Shukla,M,
Shukla,M,
Shukla,F,
Shukra,M,
Shukra,M,
Shukti,F,
Shuktij,M,
Shuktij,M,
Shulabh,M,
Shulabh,M,
Shulandhar,M,
Shulandhar,M,
Shulin,M,
Shulin,M,
Shulini,F,
Shulka,F,
Shuna,M,
Shuna,M,
Shushil,M,
Shushil,M,
Shushma,F,
Shutradevi,F,
Shvant,M,
Shvant,M,
Shveni,F,
Shveta,F,
Shvetambar,M,
Shvetambar,M,
Shvetang,M,
Shvetang,M,
Shvetank,M,
Shvetank,M,
Shvetanshu,M,
Shvetanshu,M,
Shvetavah,M,
Shvetavah,M,
Shweta,F,
Shweta,F,
Shwetambar,M,
Shwetambar,M,
Shwetanshu,M,
Shwetanshu,M,
Shwetbhanu,M,
Shwetbhanu,M,
Shyam,M,
Shyam,M,
Shyama,F,
Shyama,F,
Shyamak,M,
Shyamak,M,
Shyamal,M,
Shyamal,M,
Shyamal,F,
Shyamala,F,
Shyamali,F,
Shyamalika,F,
Shyamalima,F,
Shyamangi,F,
Shyamantak,M,
Shyamantak,M,
Shyamari,F,
Shyamasri,F,
Shyamini,F,
Shyamlata,F,
Shyamsunder,M,
Shyamsunder,M,
Shyla,F,
Shyla,F,
Sia,F,
Siamak,M,
Siamak,M,
Sibani,F,
Sibani,F,
Sidak,M,
Sidak,M,
Siddak,M,
Siddak,M,
Siddha,M,
Siddha,M,
Siddhadev,M,
Siddhadev,M,
Siddhama,F,
Siddhanath,M,
Siddhanath,M,
Siddhangana,F,
Siddhani,F,
Siddhanta,M,
Siddhanta,M,
Siddharth,M,
Siddharth,M,
Siddhartha,M,
Siddhesh,M,
Siddhesh,M,
Siddheshwar,M,
Siddheshwar,M,
Siddheshwari,F,
Siddhi,F,
Siddhi,F,
Siddhika,F,
Siddhiksha,F,
Siddhima,F,
Siddhima,F,
Siddhraj,M,
Siddhraj,M,
Siddid,M,
Siddid,M,
Sihaam,M,
Sihaam,M,
Sikandar,M,
Sikandar,M,
Sikata,F,
Sikta,F,
Simbala,F,
Simi,F,
Simran,F,
Simran,F,
Simrit,F,
Simrit,M,
Simrit,M,
Simrit,F,
Simrita,F,
Sindhu,F,
Sindhu,M,
Sindhu,M,
Sindhuja,F,
Sindhunath,M,
Sindhunath,M,
Sinha,M,
Sinha,M,
Sinhag,M,
Sinhag,M,
Sinhayana,F,
Sinhvahan,M,
Sinhvahan,M,
Sinjini,F,
Sinsapa,F,
Siraj,M,
Siraj,M,
Sirisha,F,
Sita,F,
Sita,F,
Sitakanta,M,
Sitakanta,M,
Sitanshu,M,
Sitanshu,M,
Sitara,F,
Sitaram,M,
Sitaram,M,
Sitesh,F,
Sitikantha,M,
Sitikantha,M,
Sivanandhini,F,
Sivaneswary,F,
Sivani,F,
Sivanta,M,
Sivanta,M,
Sivasathi,F,
Siya,F,
Siya,F,
Siyona,F,
Skand,M,
Skand,M,
Skanda,F,
Skandajit,F,
Smarajit,M,
Smarajit,M,
Smaran,M,
Smaran,M,
Smera,F,
Smiren,M,
Smiren,M,
Smita,F,
Smita,F,
smitakshi,F,
Smithika,F,
Smiti,F,
Smrita,F,
Smrita,M,
Smrita,F,
Smriti,F,
Smriti,F,
Smritiman,M,
Smritiman,M,
Smruti,F,
Smruti,F,
Sneagen,M,
Sneagen,M,
Sneh,F,
Sneh,F,
Sneha,F,
Sneha,F,
Snehakant,M,
Snehakant,M,
Snehal,F,
Snehal,M,
Snehal,M,
Snehelata,F,
Snehi,F,
Snehil,M,
Snehil,M,
Snigda,F,
Snigda,F,
Snigdha,F,
Snikitha,F,
Sniksha,F,
Snithik,M,
Snithik,M,
Sohal,M,
Sohal,M,
Sohalia,F,
Soham,M,
Soham,M,
Sohan,M,
Sohan,M,
Sohil,M,
Sohil,M,
Sohni,F,
Sokanathan,M,
Sokanathan,M,
Solanlle,F,
Soleil,M,
Soleil,M,
Som,M,
Som,M,
Soma,F,
Somadev,M,
Somadev,M,
Somalakshmi,F,
Somali,M,
Somali,M,
Somansh,F,
Somansh,M,
Somansh,M,
Somanshu,M,
Somanshu,M,
Somashekhar,M,
Somashekhar,M,
Somasindhu,M,
Somasindhu,M,
Somatra,F,
Sombir,M,
Sombir,M,
Somendra,M,
Somendra,M,
Somesh,M,
Somesh,M,
Someshwar,M,
Someshwar,M,
Somil,M,
Somil,M,
Somila,F,
Somkar,M,
Somkar,M,
Somnath,M,
Somnath,M,
Somprakash,M,
Somprakash,M,
Somya,F,
Sona,F,
Sona,F,
Sonakshi,F,
Sonakshi,F,
Sonal,F,
Sonal,F,
Sonali,F,
Sonali,F,
Sonaltasha,F,
Soneera,F,
Soni,F,
Sonia,F,
Sonia,F,
Sonika,F,
Sonika,F,
Sonit,M,
Sonit,M,
Sonya,F,
Soonera,F,
Soorat,F,
Sopaan,M,
Sopaan,M,
Sosamma,F,
Sougandika,F,
Soujanya,F,
Soukhya,F,
Soumava,M,
Soumava,M,
Soumil,M,
Soumil,M,
Soumya,F,
Sourabh,M,
Sourabh,M,
Sourabhi,F,
Sourabhi,F,
Souradip,M,
Souradip,M,
Sourish,M,
Sourish,M,
Sourja,M,
Sourja,M,
Sowjanya,F,
Sowmya,F,
Sparsh,M,
Sparsh,M,
Spoorthi,F,
Spoorthy,F,
Spoorti,F,
Sravanti,F,
Sreeghan,M,
Sreeghan,M,
Sreeja,F,
Sreejata,F,
Sreevalsan,M,
Sreevalsan,M,
Sreya,F,
Sreyas,M,
Sreyas,M,
Sriansh,M,
Sriansh,M,
Sriashwin,M,
Sriashwin,M,
Srichaitra,F,
Srichaitra,M,
Srichaitra,M,
Sridatri,F,
Sridatta,M,
Sridatta,M,
Sridevi,F,
Sridhar,M,
Sridhar,M,
Srihith,M,
Srihith,M,
Srihitha,F,
Srijan,M,
Srijan,M,
Srijesh,M,
Srijesh,M,
Srikant,M,
Srikant,M,
Srikanya,F,
Srikar,M,
Srikar,M,
Srinesh,M,
Srinesh,M,
Srinika,F,
Srinish,M,
Srinish,M,
Srinithi,F,
Srinivas,M,
Srinivas,M,
Sripada,F,
Sriram,M,
Sriram,M,
Srisha,F,
Srishti,F,
Sristi,F,
Sristi,F,
Srivant,M,
Srivant,M,
Srivar,M,
Srivar,M,
Srivatsav,M,
Srivatsav,M,
Srutakirti,F,
Stavita,F,
Stavya,M,
Stavya,M,
Sthavir,M,
Sthavir,M,
Sthir,M,
Sthir,M,
Stotri,M,
Stotri,M,
Striratna,F,
Stuti,F,
Stuti,F,
Subaahu,M,
Subaahu,M,
Subal,M,
Subal,M,
Subali,M,
Subali,M,
Subandhu,M,
Subandhu,M,
Subarna,F,
Subeer,M,
Subeer,M,
Subeesh,M,
Subeesh,M,
Subhadr,M,
Subhadr,M,
Subhadra,F,
Subhadra,F,
Subhag,M,
Subhag,M,
Subhaga,F,
Subhagya,F,
Subhagya,F,
Subhan,M,
Subhan,M,
Subhang,M,
Subhang,M,
Subhas,M,
Subhas,M,
Subhash,M,
Subhash,M,
Subhash,M,
Subhashini,F,
Subhashini,F,
Subhasini,F,
Subhendu,M,
Subhendu,M,
Subhi,F,
Subhiksha,F,
Subhradip,M,
Subhradip,M,
Subhuja,F,
Subiksha,F,
Subinay,M,
Subinay,M,
Subodh,M,
Subodh,M,
Subodhini,F,
Subrahmanya,M,
Subrahmanya,M,
Subramani,M,
Subramani,M,
Subrata,F,
Subratah,M,
Subratah,M,
Suchandra,F,
Sucharita,F,
Suchendra,M,
Suchendra,M,
Suchet,M,
Suchet,M,
Sucheta,F,
Suchhaya,F,
Suchi,F,
Suchi,F,
Suchin,M,
Suchin,M,
Suchir,M,
Suchir,M,
Suchismita,F,
Suchit,M,
Suchit,M,
Suchita,F,
Suchita,F,
Suchitra,F,
Suchitra,F,
Sudakshima,F,
Sudalai,M,
Sudalai,M,
Sudama,M,
Sudama,M,
Sudarshan,M,
Sudarshan,M,
Sudarshana,F,
Sudarshini,F,
Suday,M,
Suday,M,
Sudeep,M,
Sudeep,M,
Sudeep,M,
Sudeepa,F,
Sudeepta,F,
Sudeepta,M,
Sudeepta,M,
Sudena,F,
Sudesha,M,
Sudesha,M,
Sudeshna,F,
Sudev,M,
Sudev,M,
Sudeva,M,
Sudeva,M,
Sudevi,F,
Sudha,F,
Sudhakar,M,
Sudhakar,M,
Sudhamay,M,
Sudhamay,M,
Sudhamayi,F,
Sudhang,M,
Sudhang,M,
Sudhanshu,M,
Sudhanshu,M,
Sudhanssu,M,
Sudhanssu,M,
Sudhanvan,M,
Sudhanvan,M,
Sudhendra,M,
Sudhendra,M,
Sudhindra,M,
Sudhindra,M,
Sudhir,M,
Sudhir,M,
Sudhir,M,
Sudhira,F,
Sudhish,M,
Sudhish,M,
Sudhit,M,
Sudhit,M,
Sudiksha,F,
Sudiksha,F,
Sudin,M,
Sudin,M,
Sudip,M,
Sudip,M,
Sudipta,F,
Sudipti,F,
Sudir,M,
Sudir,M,
Suditi,F,
Suditi,F,
Sugandh,M,
Sugandh,M,
Sugandha,F,
Suganya,F,
Sugata,M,
Sugata,M,
Sugathri,F,
Sugauri,F,
Sughosh,M,
Sughosh,M,
Sugita,F,
Sugita,F,
Sugriva,M,
Sugriva,M,
Suhag,F,
Suhaila,F,
Suhani,F,
Suhani,F,
Suhas,F,
Suhas,M,
Suhas,M,
Suhas,F,
Suhasini,F,
Suhasini,F,
Suhavi,F,
Suhina,F,
Suhrit,M,
Suhrit,M,
Suhrita,F,
Suhruda,M,
Suhruda,M,
Sujal,M,
Sujal,M,
Sujala,F,
Sujan,M,
Sujan,M,
Sujash,M,
Sujash,M,
Sujat,M,
Sujat,M,
Sujata,F,
Sujata,F,
Sujay,M,
Sujay,M,
Sujaya,F,
Sujaya,F,
Sujendran,M,
Sujendran,M,
Sujetu,M,
Sujetu,M,
Sujit,M,
Sujit,M,
Sujitha,F,
Suka,M,
Suka,M,
Sukant,M,
Sukant,M,
Sukanta,M,
Sukanta,M,
Sukanya,F,
Sukarma,M,
Sukarma,M,
Sukarman,M,
Sukarman,M,
Sukeshi,F,
Suketu,M,
Suketu,M,
Sukhada,F,
Sukhajat,M,
Sukhajat,M,
Sukhakar,M,
Sukhakar,M,
Sukhamay,M,
Sukhamay,M,
Sukhashakt,M,
Sukhashakt,M,
Sukhdev,M,
Sukhdev,M,
Sukhesh,M,
Sukhesh,M,
Sukhi,M,
Sukhmani,F,
Sukhwant,M,
Sukhwant,M,
Sukrant,M,
Sukrant,M,
Sukrit,M,
Sukrit,M,
Sukriti,F,
Sukriti,F,
Sukruti,F,
Suksha,F,
Sukshma,F,
Suksma,F,
Sukumar,M,
Sukumar,M,
Sukumar,M,
Sukumar,M,
Sukumara,M,
Sukumara,M,
Sukumaran,M,
Sukumaran,M,
Sukumari,F,
Sukushi,F,
Sulabh,M,
Sulabh,M,
Sulabha,F,
Sulaksha,F,
Sulakshana,F,
Sulakshmi,F,
Sulalit,M,
Sulalit,M,
Sulalita,F,
Sulbha,F,
Sulek,M,
Sulek,M,
Sulekha,F,
Suloch,F,
Suloch,M,
Suloch,M,
Sulochan,M,
Sulochan,M,
Sulochana,F,
Sultana,F,
Suma,F,
Sumadhur,M,
Sumadhur,M,
Sumaira,F,
Suman,F,
Suman,M,
Suman,M,
Suman,F,
Sumana,F,
Sumangal,M,
Sumangal,M,
Sumangli,F,
Sumanolata,F,
Sumant,M,
Sumant,M,
Sumantu,M,
Sumantu,M,
Sumanyu,M,
Sumanyu,M,
Sumati,F,
Sumati,M,
Sumati,M,
Sumatinath,M,
Sumatinath,M,
Sumavali,F,
Sumay,M,
Sumay,M,
Sumed,M,
Sumed,M,
Sumedh,M,
Sumedh,M,
Sumedha,F,
Sumedha,F,
Sumeer,M,
Sumeer,M,
Sumeet,M,
Sumeet,M,
Sumeet,M,
Sumeru,M,
Sumeru,M,
Sumesh,M,
Sumesh,M,
Sumi,F,
Sumiran,M,
Sumiran,M,
Sumit,M,
Sumit,M,
Sumit,M,
Sumita,F,
Sumita,F,
Sumitha,F,
Sumitr,M,
Sumitr,M,
Sumitra,F,
Sumitranandan,M,
Sumitranandan,M,
Sumona,F,
Sumukh,M,
Sumukh,M,
Sumukhi,F,
Sunaina,F,
Sunaina,F,
Sunam,M,
Sunam,M,
Sunamya,F,
Sunand,M,
Sunand,M,
Sunanda,F,
Sunanda,F,
Sunandan,M,
Sunandan,M,
Sunandini,F,
Sunandini,F,
Sunandita,F,
Sunandita,F,
Sunar,M,
Sunar,M,
Sunashi,M,
Sunashi,M,
Sunay,M,
Sunay,M,
Sunayana,F,
Sunayana,F,
Sunayna,F,
Sunchit,M,
Sunchit,M,
Sundar,M,
Sundar,M,
Sundar,M,
Sundara,M,
Sundara,M,
Sundara,M,
Sundari,F,
Sunder,M,
Sunder,M,
Sundha,F,
Sundhuja,F,
Suneet,M,
Suneet,M,
Suneeti,F,
Suneeti,F,
Sunetra,F,
Sunetra,F,
Sunil,M,
Sunil,M,
Sunila,F,
Sunirmal,M,
Sunirmal,M,
Suniska,F,
Sunita,F,
Sunita,F,
Suniti,F,
Suniti,F,
Sunjeev,M,
Sunjeev,M,
Suparn,M,
Suparn,M,
Suparna,F,
Suparna,F,
Supash,M,
Supash,M,
Suprabha,F,
Suprabha,F,
Suprabhaat,M,
Suprabhaat,M,
Suprakash,M,
Suprakash,M,
Suprasanna,F,
Suprasanna,M,
Suprasanna,M,
Supratik,M,
Supratik,M,
Supratim,M,
Supratim,M,
Supreet,M,
Supreet,M,
Supreet,F,
Supreetha,F,
Suprema,F,
Suprit,M,
Suprit,M,
Suprita,F,
Supriti,F,
Supriti,F,
Supriya,F,
Supriya,F,
Supti,F,
Sur,M,
Sur,M,
Surabhi,F,
Suradhish,M,
Suradhish,M,
Suradip,M,
Suradip,M,
Suragan,M,
Suragan,M,
Suraj,M,
Suraj,M,
Suraj,M,
Surajit,M,
Surajit,M,
Surajiv,M,
Surajiv,M,
Suraksha,F,
Suram,M,
Suram,M,
Surama,F,
Suran,M,
Suran,M,
Surangi,F,
Suranjan,M,
Suranjan,M,
Suranjana,F,
Surarihan,M,
Surarihan,M,
Suras,M,
Suras,M,
Surasa,F,
Surasti,F,
Surath,M,
Surath,M,
Suravi,F,
Suravinda,F,
Surbhup,M,
Surbhup,M,
Surdaas,M,
Surdaas,M,
Surdeep,M,
Surdeep,M,
Surekha,F,
Surekha,F,
Suren,M,
Suren,M,
Surendra,M,
Surendra,M,
Suresh,M,
Suresh,M,
Sureshi,F,
Sureshwar,M,
Sureshwar,M,
Sureshwari,F,
Suri,M,
Suri,M,
Surina,F,
Surjeet,M,
Surjeet,M,
Surnath,M,
Surnath,M,
Surotama,F,
Surshri,M,
Surshri,M,
Suruchi,F,
Surup,M,
Surup,M,
Surupa,F,
Surush,M,
Surush,M,
Surya,F,
Surya,M,
Surya,M,
Suryaansh,M,
Suryaansh,M,
Suryabhan,M,
Suryabhan,M,
Suryadev,M,
Suryadev,M,
Suryadita,F,
Suryakant,M,
Suryakant,M,
Suryakanti,F,
Suryani,F,
Suryansh,M,
Suryansh,M,
Suryanshu,M,
Suryanshu,M,
Suryaprakash,M,
Suryaprakash,M,
Suryashankar,M,
Suryashankar,M,
Suryesh,M,
Suryesh,M,
Susadh,M,
Susadh,M,
Susan,M,
Susan,M,
Susen,M,
Susen,M,
Sushama,F,
Sushant,M,
Sushant,M,
Sushanti,F,
Sushen,M,
Sushen,M,
Susher,M,
Susher,M,
Sushil,M,
Sushil,M,
Sushila,F,
Sushim,M,
Sushim,M,
Sushma,F,
Sushmita,F,
Sushobhan,M,
Sushobhan,M,
Sushobhana,F,
Sushrut,M,
Sushrut,M,
Susil,M,
Susil,M,
Susila,F,
Susita,F,
Susmita,F,
Susmita,F,
Susumna,F,
Sutantu,M,
Sutantu,M,
Sutanuka,F,
Sutapa,F,
Sutapa,M,
Sutapa,M,
Sutara,F,
Sutara,M,
Sutara,M,
Sutej,M,
Sutej,M,
Sutirth,M,
Sutirth,M,
Sutosh,M,
Sutosh,M,
Sutoya,M,
Sutoya,M,
Suvali,F,
Suvan,M,
Suvan,M,
Suvarn,M,
Suvarn,M,
Suvarna,F,
Suvarnaprabha,F,
Suvarnarekha,F,
Suvarnmala,F,
Suvas,M,
Suvas,M,
Suvel,M,
Suvel,M,
Suvidh,M,
Suvidh,M,
Suvimal,M,
Suvimal,M,
Suvir,M,
Suvir,M,
Suvitha,F,
Suvrata,F,
Suvrata,M,
Suvrata,M,
Suyamun,M,
Suyamun,M,
Suyash,M,
Suyash,M,
Suyasha,F,
Suyati,M,
Suyati,M,
Svadhi,F,
Svaha,F,
Svamin,M,
Svamin,M,
Svaminath,M,
Svaminath,M,
Svana,F,
Svang,M,
Svang,M,
Svanik,M,
Svanik,M,
Svar,M,
Svar,M,
Svara,F,
Svaraj,M,
Svaraj,M,
Svarg,M,
Svarg,M,
Svarna,M,
Svarna,M,
Svarpati,M,
Svarpati,M,
Svayambhu,M,
Svayambhu,M,
Svayambhut,M,
Svayambhut,M,
Svitra,F,
Swadhin,M,
Swadhin,M,
Swagat,M,
Swagat,M,
Swagata,F,
Swaha,F,
Swajith,M,
Swajith,M,
Swami,M,
Swami,M,
Swaminath,M,
Swaminath,M,
Swapan,M,
Swapan,M,
Swapanthi,F,
Swapna,F,
Swapna,F,
Swapnali,F,
Swapnasundari,F,
Swapnesh,M,
Swapnesh,M,
Swapnika,F,
Swapnil,M,
Swapnil,M,
Swapnil,M,
Swara,F,
Swaraj,M,
Swaraj,M,
Swarit,M,
Swarit,M,
Swarnalata,F,
Swarnaprabha,F,
Swarnapurishwara,M,
Swarnapurishwara,M,
Swarnika,F,
Swarnim,M,
Swarnim,M,
Swarup,M,
Swarup,M,
Swarupa,F,
Swasti,F,
Swastik,M,
Swastik,M,
Swastika,F,
Swatantar,M,
Swatantar,M,
Swati,F,
Swati,F,
Swayambhu,M,
Swayambhu,M,
Sweta,F,
Swetaketu,M,
Swetaketu,M,
Swetank,M,
Swetank,M,
Swethan,M,
Swethan,M,
Syamantak,M,
Syamantak,M,
Syon,M,
Syon,M,
Syum,M,
Syum,M,
Taanusiya,F,
Taarank,M,
Tabassum,F,
Taha,M,
Tahir,M,
Tahoma,M,
Taj,F,
Tajdar,M,
Taksa,M,
Taksha,M,
Takshak,M,
Taksheel,M,
Talaketu,M,
Talank,M,
Talika,F,
Talin,M,
Talish,M,
Talli,F,
Tamal,M,
Tamali,F,
Tamalika,F,
Tamanna,F,
Tamanna,F,
Tamas,M,
Tamasa,F,
Tamasi,F,
Tamasvini,F,
Tamil,M,
Tamila,M,
Tamira,F,
Tamish,M,
Tamkinat,M,
Tamoghna,M,
Tamonash,M,
Tamra,M,
Tana,M,
Tanak,M,
Tanam,F,
Tanav,M,
Tanay,M,
Tanay,M,
Tanaya,F,
Tanaya,F,
Tandeep,M,
Taneesha,F,
Tani,F,
Tania,F,
Taniamitra,F,
Tanika,F,
Tanima,F,
Tanirika,F,
Tanish,M,
Tanisha,F,
Tanisha,F,
Tanishq,M,
Tanisi,F,
Tanmay,M,
Tanmaya,F,
Tanmayee,F,
Tanmayi,F,
Tannishtha,F,
Tannistha,F,
Tanu,F,
Tanu,F,
Tanuj,M,
Tanuja,F,
Tanuja,F,
Tanuka,F,
Tanul,M,
Tanulata,F,
Tanupa,F,
Tanushi,F,
Tanushri,F,
Tanushri,F,
Tanvee,F,
Tanveer,M,
Tanvi,F,
Tanvi,F,
Tanya,F,
Tanya,F,
Tanzil,F,
Tapan,M,
Tapani,F,
Tapani,F,
Tapas,M,
Tapasendra,M,
Tapasi,F,
Tapasranjan,M,
Tapati,F,
Tapati,F,
Tapendra,M,
Tapesh,M,
Tapi,F,
Tapni,F,
Tapomay,M,
Taporaj,M,
Tapti,F,
Tara,F,
Tara,F,
Tarachand,M,
Tarachandra,M,
Taradhish,M,
Tarai,F,
Tarak,M,
Taraka,F,
Tarakesh,M,
Tarakeshwar,M,
Tarakeshwari,F,
Tarakini,F,
Taraknath,M,
Taraksh,M,
Taral,M,
Tarala,F,
Taran,M,
Tarana,F,
Tarang,M,
Tarangini,F,
Tarani,F,
Tarani,M,
Taranija,F,
Taranjot,M,
Tarannum,F,
Taraprashad,M,
Tarendra,M,
Taresh,M,
Tarik,M,
Tarika,F,
Tarini,F,
Tarit,M,
Tarita,F,
Tarjani,F,
Tarkeshwari,F,
Tarla,F,
Tarli,F,
Tarlika,F,
Tarosh,M,
Tarpana,F,
Taru,F,
Taru,M,
Tarulata,F,
Tarun,M,
Taruna,F,
Taruna,F,
Taruni,F,
Tarunika,F,
Tarunima,F,
Taruntapan,M,
Tarusa,M,
Tasha,F,
Tashvin,M,
Tathagat,M,
Tatharaj,M,
Tatini,F,
Tatya,M,
Tautik,M,
Tavish,M,
Tavishi,F,
Teerth,M,
Teertha,F,
Teerthankar,M,
Tegvir,M,
Tej,M,
Teja,F,
Tejal,F,
Tejal,M,
Tejal,F,
Tejas,M,
Tejas,M,
Tejas,F,
Tejasvi,F,
Tejasvi,F,
Tejaswi,F,
Tejaswini,F,
Tejaswini,F,
Tejeshwar,M,
Teji,F,
Tejomay,M,
Tejomayi,F,
Thahiya,F,
Thakarshi,M,
Thakur,M,
Thaman,M,
Thaneesha,F,
Thankam,F,
Thanmayu,F,
Tharisha,F,
Thashan,M,
Thavanesh,M,
Thayalan,M,
Thulasitharan,M,
Thumri,F,
Tijil,M,
Tilak,M,
Tilaka,F,
Tilika,F,
Tilottama,F,
Timila,F,
Timin,M,
Timmy,M,
Timothy,M,
Tina,F,
Tirranand,M,
Tirthankar,M,
Tirthayaad,M,
Tirumala,M,
Tirupathi,M,
Tista,F,
Tisya,F,
Tisyaketu,M,
Tithi,F,
Titiksha,F,
Titir,M,
Tiya,F,
Toral,F,
Torsha,F,
Toshan,M,
Toshani,F,
Toya,F,
Toya,M,
Toyesh,M,
Trailokva,M,
Trariti,F,
Trayi,F,
Treena,F,
Treeshita,F,
Treya,F,
Triaksha,F,
Triambak,M,
Triambika,F,
Tribhuvan,M,
Tribhuvaneshwari,F,
Tridev,M,
Tridhaman,M,
Tridhara,F,
Tridhatri,M,
Tridib,M,
Tridiva,F,
Tridiva,M,
Trigun,M,
Triguna,F,
Triguni,F,
Trigya,M,
Trijagati,F,
Trijal,M,
Trikay,M,
Trikaya,F,
Trilochan,M,
Trilochana,F,
Trilok,M,
Trilokanath,M,
Trilokchand,M,
Trilokesh,M,
Trimaan,M,
Trimurti,M,
Trinabh,M,
Trinath,M,
Trinayan,M,
Trinayani,F,
Trinetra,F,
Triparna,F,
Tripta,F,
Tripta,F,
Tripti,F,
Tripti,F,
Tripur,M,
Tripura,F,
Tripurajit,M,
Tripurari,M,
Tripurasundari,F,
Tripuri,F,
Triputa,F,
Trisanu,M,
Trisha,F,
Trisha,F,
Trishala,F,
Trishala,F,
Trishan,M,
Trishanku,M,
Trishar,M,
Trishna,F,
Trishna,F,
Trishul,M,
Trishulank,M,
Trishulin,M,
Trishulini,F,
Triti,F,
Triveni,F,
Triveni,F,
Trivikram,M,
Triya,F,
Triya,F,
Triyama,F,
Trupti,F,
Trusha,F,
Trushna,F,
Tufan,M,
Tuhi,F,
Tuhin,M,
Tuhina,F,
Tuhina,F,
Tuhinsurra,M,
Tuka,M,
Tukaram,M,
Tula,F,
Tulasi,F,
Tulika,F,
Tulika,F,
Tulsi,F,
Tulsi,F,
Tulsidaas,M,
Tulsikumar,M,
Tulya,F,
Tunava,M,
Tunda,M,
Tunganath,M,
Tungar,M,
Tungesh,M,
Tungeshwar,M,
Tungish,M,
Turag,M,
Turanya,F,
Turvasu,M,
Turvi,F,
Turya,F,
Tushaar,M,
Tusharkana,F,
Tusharkanti,M,
Tusharsuvra,M,
Tushita,F,
Tusti,F,
Tusti,F,
Tusya,M,
Tuvidyumna,M,
Tuvijat,M,
Tvarita,F,
Tvisha,F,
Tyaagaraaj,M,
Tyagraja,M,
Ubika,F,
Ucchal,F,
Udantika,F,
Uday,M,
Udaya,F,
Udayan,M,
Udbala,F,
Udbhav,M,
Uddhav,M,
Udeep,M,
Udgita,F,
Udichi,F,
Udipti,F,
Udit,M,
Udit,M,
Udita,F,
Udita,F,
Uditi,F,
Uditi,F,
Udvita,F,
Udyati,F,
Ujas,F,
Ujas,F,
Ujesh,M,
Ujhala,F,
Ujjanini,F,
Ujjayini,F,
Ujjwal,M,
Ujjwala,F,
Ujjwala/Ujvala,F,
Ulhas,M,
Ulka,F,
Ulka,F,
Ullupi,F,
Ulupi,F,
Ulupya,F,
Uma,F,
Uma,F,
Umachandra,M,
Umakant,M,
Umang,M,
Umesh,M,
Umika,F,
Unma,F,
Unmesh,M,
Unnati,F,
Unnati,F,
Unni,F,
Upada,F,
Upadhriti,F,
Upala,F,
Upama,F,
Upama,F,
Upanshu,M,
Upasana,F,
Upasana,F,
Upendra,M,
Ura,F,
Urishilla,F,
Urishita,F,
Urja,F,
Urja,F,
Urjita,F,
Urmi,F,
Urmi,F,
Urmika,F,
Urmila,F,
Urmila,F,
Urshita,F,
Urvashi,F,
Urvashi,F,
Urvi,F,
Urvi,F,
Usha,F,
Usha,F,
Ushakiran,F,
Ushalakshi,F,
Ushapati,M,
Ushashi,F,
Ushi,F,
Ushma,F,
Ushma,F,
Ushmil,F,
Usra,F,
Usri,F,
Utalika,F,
Utkarsh,M,
Utkarsh,M,
Utkarsha,F,
Utpal,M,
Utpala,F,
Utpalakshi,F,
Utpalini,F,
Utpatti,F,
Utsa,F,
Utsavi,F,
Uttam,M,
Uttara,F,
Vaachaspati,M,
Vaageesh,M,
Vaakpati,M,
Vaalmeeki,M,
Vaaman,M,
Vaamdev,M,
Vaanee,M,
Vaasavadatta,M,
Vaasuki,M,
Vaatsyaayan,M,
Vaayu,M,
Vachan,M,
Vachaspati,M,
Vadin,M,
Vadish,M,
Vagindra,M,
Vagish,M,
Vahin,M,
Vaibhav,M,
Vaibhav,M,
Vaibhav,M,
Vaidyanaath,M,
Vaijayi,M,
Vaijnath,M,
Vaikartan,M,
Vaikhan,M,
Vaikuntanath,M,
Vaikunth,M,
Vainavin,M,
Vairaj,M,
Vairaja,M,
Vairat,M,
Vairinchya,M,
Vairochan,M,
Vaisak,M,
Vaishant,M,
Vaishnav,M,
Vaishwaanar,M,
Vaiwaswat,M,
Vajasani,M,
Vajendra,M,
Vajraang,M,
Vajrabaahu,M,
Vajradhar,M,
Vajrahast,M,
Vajrajit,M,
Vajrakaya,M,
Vajraksha,M,
Vajramani,M,
Vajrapaani,M,
Vajrin,M,
Vakrabhuj,M,
Vakratund,M,
Valaak,M,
Vallabh,M,
Valmiki,M,
Vama,M,
Vamadev,M,
Vamsi,M,
Vamsidhar,M,
Vamsikrishna,M,
Vanabihari,M,
Vanad,M,
Vanadev,M,
Vanajit,M,
Vanamalin,M,
Vandan,M,
Vanhi,M,
Vanij,M,
Vaninadh,M,
Vanmaalee,M,
Vanraaj,M,
Vansh,M,
Vansheedhar,M,
Vanshya,M,
Varaah,M,
Varaahamihir,M,
Varad,M,
Varadaraaj,M,
Varana,M,
Vardaan,M,
Vardhaman,M,
Vardhan,M,
Varendra,M,
Varesh,M,
Vareshvar,M,
Varid,M,
Varidhvaran,M,
Varij,M,
Varin,M,
Varindra,M,
Varish,M,
Variya,M,
Variyas,M,
Varshik,M,
Vartanu,M,
Varun,M,
Varun,M,
Varunesh,M,
Vasant,M,
Vasantamaalika,M,
Vasav,M,
Vasavaj,M,
Vashisht,M,
Vasistha,M,
Vasu,M,
Vasudev,M,
Vasuki,M,
Vasuman,M,
Vasumat,M,
Vasumitra,M,
Vasupati,M,
Vasur,M,
Vasuroop,M,
Vasusen,M,
Vatatmaj,M,
Vatradhara,M,
Vatsa,M,
Vatsal,M,
Vatsapal,M,
Vatsar,M,
Vatsin,M,
Vaydeesh,M,
Vayu,M,
Vayujat,M,
Vayun,M,
Vayunand,M,
Vayya,M,
Ved,M,
Veda,F,
Vedanga,M,
Vedant,M,
Vedanth,M,
Vedanti,F,
Vedaprakash,M,
Vedashri,F,
Vedatman,M,
Vedatmane,M,
Vedavrata,M,
Vedavyaas,M,
Vedbhushan,M,
Vedesh,M,
Vedha,F,
Vedi,F,
Vedika,F,
Vedmohan,M,
Vedvalli,F,
Veeksha,F,
Veekshith,M,
Veena,F,
Veenapani,F,
Veer,M,
Veerbhadra,M,
Veerendra,M,
Veerottam,M,
Vela,F,
Velan,M,
Venah,F,
Venavir,M,
Veni,M,
Venika,F,
Venimadhav,M,
Venkat,M,
Venkataramananandan,M,
Venkatesh,M,
Venu,M,
Venugopal,M,
Venuka,F,
Venumadhav,M,
Venya,F,
Vetali,F,
Vetravati,F,
Veydant,M,
Viamrsh,M,
Vibali,F,
Vibha,F,
Vibhaakar,M,
Vibhaavasu,M,
Vibhas,M,
Vibhat,M,
Vibhavari,F,
Vibhavasu,M,
Vibhi,F,
Vibhishan,M,
Vibhor,M,
Vibhu,M,
Vibhudendra,M,
Vibhumat,M,
Vibhusnu,M,
Vibhut,M,
Vibhuti,F,
Vibodh,M,
Vibusha,F,
Vidarbh,M,
Videh,M,
Vidhatru,M,
Vidhesh,M,
Vidhi,F,
Vidhu,M,
Vidhu,M,
Vidhut,F,
Vidhyadhar,M,
Vidip,M,
Vidisha,F,
Vidit,M,
Vidita,F,
Vidojas,M,
Vidula,F,
Vidur,M,
Vidushi,F,
Vidvan,M,
Vidvatam,M,
Vidya,F,
Vidyaaranya,M,
Vidyacharan,M,
Vidyadevi,F,
Vidyadhar,M,
Vidyadhari,F,
Vidyaranya,M,
Vidyasagar,M,
Vidyut,F,
Vidyut,M,
Vidyutprabha,F,
Vighnajit,M,
Vighnaraaj,M,
Vighnesh,M,
Vighneshwar,M,
Vignyatri,F,
Vigrah,M,
Vihaan,M,
Vihaan,M,
Vihang,M,
Vihanga,M,
Vijay,M,
Vijay,M,
Vijaya,F,
Vijayalakshmi,F,
Vijayant,M,
Vijayanthi,F,
Vijayarathna,M,
Vijayendra,M,
Vijayesh,M,
Vijayketu,M,
Vijeesh,M,
Vijendra,M,
Vijeta,F,
Vijeta,M,
Vijigeesh,M,
Vijul,F,
Vijul,M,
Vijval,M,
Vikarnan,M,
Vikas,M,
Vikas,M,
Vikasni,F,
Vikat,M,
Vikern,M,
Vikesh,M,
Vikram,M,
Vikramaditya,M,
Vikramajit,M,
Vikramendra,M,
Vikramin,M,
Vikrant,M,
Vikruti,F,
Viksar,M,
Viksit,M,
Vikunth,M,
Vikyath,M,
Vilaas,M,
Vilasini,F,
Vilina,F,
Vilochan,M,
Vilohit,M,
Vilok,M,
Vilokan,M,
Vimal,M,
Vimala,F,
Vimaladitya,M,
Vimalmani,M,
Vimla,F,
Vimridh,M,
Vimudha,F,
Vina,F,
Vinaayak,M,
Vinahast,M,
Vinamar,M,
Vinamra,F,
Vinanti,F,
Vinata,F,
Vinati,F,
Vinay,M,
Vinaya,F,
Vindhya,F,
Vineet,M,
Vineet,M,
Vineeta,F,
Vinesh,M,
Vinil,M,
Vinita,F,
Vinochan,M,
Vinod,M,
Vinodini,F,
Vinoo,M,
Vinutha,F,
Vipan,M,
Vipanchi,F,
Vipasa,F,
Vipaschit,M,
Vipasha,F,
Vipin,M,
Vipinbehari,M,
Viplav,M,
Vipra,F,
Vipreet,M,
Vipul,M,
Vipula,F,
Vir,M,
Viraaj,M,
Viraat,M,
Virabhadra,M,
Viral,M,
Viranath,M,
Viranchi,M,
Virasana,M,
Virat,M,
Virat,M,
Virata,M,
Virbhanu,M,
Virendra,M,
Virendri,F,
Viresh,M,
Vireshvar,M,
Virika,F,
Virikvas,M,
Virinchi,M,
Virini,F,
Virochan,M,
Virudh,M,
Virurch,M,
Visala,F,
Visamaksh,M,
Vishaalaaksh,M,
Vishaka,F,
Vishakh,M,
Vishakha,F,
Vishal,M,
Vishalakshi,F,
Vishali,F,
Vishalya,F,
Vishalya,M,
Vishantak,M,
Vishatan,M,
Vishaya,F,
Vishesh,M,
Vishikh,M,
Vishma,F,
Vishnahpu,M,
Vishnay,M,
Vishnu,M,
Vishnudutt,M,
Vishnumaya,F,
Vishnupriya,F,
Vishodhan,M,
Vishram,M,
Vishranti,F,
Vishresh,M,
Vishruth,M,
Vishtasp,M,
Vishv,M,
Vishva,F,
Vishva,M,
Vishvadev,M,
Vishvadhar,M,
Vishvag,M,
Vishvahetu,M,
Vishvajit,M,
Vishvakarma,M,
Vishvaketu,M,
Vishvam,M,
Vishvamitra,M,
Vishvanaath,M,
Vishvanabh,M,
Vishvaretas,M,
Vishvatma,M,
Vishvesh,M,
Vishwa,F,
Vishwaamitra,M,
Vishwaas,M,
Vishwajeet,M,
Vishwakarma,M,
Vishwambhar,M,
Vishwambhara,F,
Vishwamitra,M,
Vishwankar,M,
Vishwaroop,M,
Vishwast,M,
Vishwasth,M,
Vishwatma,M,
Vishweshwar,M,
Vismay,M,
Vismaya,F,
Vistarini,F,
Visvajit,M,
Visvayu,M,
Viswanath,M,
Vitabhay,M,
Vitaharya,M,
Vitashokha,M,
Vitasta,M,
Vithala,M,
Vithika,F,
Viti,F,
Vitola,M,
Vittanath,M,
Vittesh,M,
Vitthal,M,
Vivaan,M,
Vivaan,M,
Vivan,M,
Vivash,M,
Vivaswat,M,
Vivatma,M,
Vivek,M,
Viveka,F,
Vivekananda,M,
Vividha,F,
Vivin,M,
Vrajabala,F,
Vrajakishore,M,
Vrajalal,M,
Vrajamohan,M,
Vrajanadan,M,
Vrajesh,M,
Vrajraj,M,
Vratesh,M,
Vrinda,F,
Vrisa,M,
Vrisag,M,
Vrisan,M,
Vrisangan,M,
Vrisapati,M,
Vrisha,F,
Vrishab,M,
Vrishabh,M,
Vrishabhaanu,M,
Vrishank,M,
Vrishin,M,
Vrishti,F,
Vrisini,M,
Vritee,F,
Vritika,F,
Vritti,F,
Vrushali,F,
Vyan,M,
Vyanjana,F,
Vyasa,M,
Vyjayanthi,F,
Vyom,M,
Vyomaang,M,
Vyomakesh,M,
Vyomdev,M,
Vyomesh,M,
Vyomini,F,
Vyshnav,M,
Wakeeta,F,
Yaagnya,F,
Yachana,F,
Yadav,M,
Yadavendra,M,
Yadavi,F,
Yadu,M,
Yadunandan,M,
Yadunath,M,
Yaduraj,M,
Yaduvir,M,
Yagna,M,
Yagnesh,M,
Yagya,M,
Yagyasen,M,
Yagyesh,M,
Yahvi,F,
Yaj,M,
Yajat,M,
Yajnadhar,M,
Yajnarup,M,
Yajnesh,M,
Yajur,M,
Yaksha,F,
Yaksha,M,
Yamahil,M,
Yamajit,M,
Yamha,M,
Yamika,F,
Yamini,F,
Yamini,F,
Yamir,M,
Yamuna,F,
Yamuni,F,
Yamura,F,
Yamya,F,
Yash,M,
Yash,M,
Yashas,M,
Yashasvi,F,
Yashasvini,F,
Yashawini,F,
Yashi,F,
Yashica,F,
Yashila,F,
Yashita,F,
Yashmit,M,
Yashmita,F,
Yashoda,F,
Yashodev,M,
Yashodhan,M,
Yashodhar,M,
Yashodhara,F,
Yashomati,F,
Yashovardhana,M,
Yashovarman,M,
Yashpal,M,
Yashraj,M,
Yashvasin,M,
Yashwant,M,
Yasmin,F,
Yasti,F,
Yasti,M,
Yatee,F,
Yathavan,M,
Yatin,M,
Yatindra,M,
Yatish,M,
Yatiyasa,M,
Yatnesh,M,
Yatra,F,
Yatudhani,F,
Yauvani,F,
YaVonne,F,
Yayaati,F,
Yayati,M,
Yayin,M,
Yema,F,
Yochana,F,
Yog,M,
Yogadeva,M,
Yoganidra,M,
Yogendra,M,
Yogesh,M,
Yogeshwari,F,
Yogi,M,
Yoginampati,M,
Yogine,M,
Yogini,F,
Yogini,M,
Yogiraj,M,
Yogita,F,
Yogita,F,
Yograj,M,
Yogya,F,
Yojana,F,
Yojit,M,
Yonita,F,
Yoshita,F,
Yousha,F,
Yudhajit,M,
Yudhisthir,M,
Yugandhar,M,
Yugantar,M,
Yukta,M,
Yukta,F,
Yuktha,F,
Yukti,F,
Yukti,F,
Yuti,F,
Yutika,F,
Yuval,M,
Yuvaraj,M,
Yuvati,F,
Yuvika,F,
Yuvraani,F,
Yuvraj,M,
Yuyutsu,M,
Zaaei,F,
Zaara,F,
Zachni,F,
Zahara,F,
Zaheera,F,
Zahin,M,
Zahir,M,
Zahira,F,
Zahra,F,
Zaida,F,
Zaiden,M,
Zain,M,
Zaina,F,
Zaki,M,
Zakiy,M,
Zalak,F,
Zalika,F,
Zamir,M,
Zamuni,F,
Zanie,F,
Zankar,F,
Zankrut,F,
Zara,F,
Zaral,F,
Zareen,F,
Zarina,F,
Zarir,M,
Zarna,F,
Zayd,M,
Zeena,F,
Zeenat,F,
Zeeshan,M,
Zena,F,
Zena,F,
Zenia,F,
Zenoushka,F,
Zev,M,
Zheel,F,
Zia,F,
Ziana,F,
Ziana,F,
Zinga,F,
Zisya,F,
Zita,F,
Ziya,F,
Zohra,F,
Zora,F,
Zoya,F,
Zuha,F,
Zuri,F,
Ramu,M,
